User_ID,First,Last,Gender,Email,DOB
8717bbf45cCDbEe,Shelia,Mahoney,Male,pwarner@example.org,2014-01-27
3d5AD30A4cD38ed,Jo,Rivers,Female,fergusonkatherine@example.net,1931-07-26
810Ce0F276Badec,Sheryl,Lowery,Female,fhoward@example.org,2013-11-25
BF2a889C00f0cE1,Whitney,Hooper,Male,zjohnston@example.com,2012-11-17
9afFEafAe1CBBB9,Lindsey,Rice,Female,elin@example.net,1923-04-15
aF75e6dDEBC5b66,Sherry,Caldwell,Male,kaitlin13@example.net,1917-08-06
efeb05c7Cc94EA3,Ernest,Hoffman,Male,jeffharvey@example.com,1984-12-22
fb1BF3FED57E9d7,Doris,Andersen,Male,alicia33@example.org,2016-12-02
421fAB9a3b98F30,Cheryl,Mays,Male,jake50@example.com,2012-12-16
4A42Fe10dB717CB,Harry,Mitchell,Male,lanechristina@example.net,1953-06-29
44FAA9C3CE8DB2B,Casey,Ayala,Male,ncantu@example.com,2020-04-17
86cCc6417942b4B,Sara,Huff,Male,kristy41@example.net,1964-05-21
CDA21B6e83Cafe3,Eddie,Barnes,Female,brandy23@example.com,1975-02-27
1CC30c5F204332e,Ralph,Lowe,Female,dleon@example.org,1938-04-10
b4bE3BfBfeBC29e,Priscilla,Davis,Male,latasha46@example.org,2014-03-16
bFCFDdE5491caE8,Carly,Abbott,Female,stricklandomar@example.org,2007-10-27
cEfCEAB1306DbCb,Nicolas,Mckinney,Male,twilkinson@example.com,1951-07-04
aCefF56E59aAf75,Natasha,Macias,Female,dorothymeza@example.com,1971-10-31
CF091D6b9Dd4F9c,Courtney,Jenkins,Female,estesana@example.org,1948-01-20
462EF46dcaab6EC,Perry,Mcmahon,Female,allison66@example.net,2006-11-24
7B247Ca7BbA098d,Emily,Travis,Male,jordankelley@example.com,1933-11-19
dCdadA2bCcFFEAE,Meghan,Hawkins,Male,ehatfield@example.com,1974-08-21
d62fFce33bbccAC,Ernest,Oconnell,Male,lanedarius@example.com,1943-06-09
3Cb9Fe3aB463dba,Norman,Walton,Female,samanthasummers@example.org,1973-06-19
be6BBa9EBFeBFcc,Roger,Sweeney,Female,leblancjohnathan@example.org,2008-09-09
a902eE5EABd77DE,Ethan,Wu,Male,jay82@example.net,2018-07-17
EEA3bcfe1c7aEAf,Catherine,Myers,Male,sara05@example.org,2007-08-22
2Ab20Ed8CfE2D71,Catherine,Nash,Female,nelsonlori@example.org,1949-08-03
EC9BCcb3ccEAdE9,Corey,Delgado,Male,phillip27@example.net,2014-06-05
d6203591c7BEB4F,Hunter,Hahn,Female,jimsellers@example.com,1943-02-22
f67cb59Eea96a23,Dakota,Gomez,Male,jadecollier@example.com,1914-11-26
94c6aF7DEe2Ad7A,Nathaniel,Clarke,Female,george75@example.org,1910-11-23
b1DC89E2d73F0b4,Marco,Reyes,Male,ramosjonathon@example.org,1965-07-28
FECAedB175FD9f4,Todd,Weber,Male,hessrachel@example.com,2019-11-30
CB41aabFbB8AdDa,Bryan,Vaughn,Male,fhughes@example.org,1964-04-18
BcdffBD402E5A23,Adrienne,Lambert,Male,marilyn91@example.org,2019-06-16
b00f07E8F6Ecf6e,Seth,Hess,Male,ebranch@example.net,1910-02-21
8b8Aab259B2a00D,Stefanie,Sherman,Male,rickeykelley@example.com,1966-10-26
D060A3eacFBFAEE,Kent,Velez,Male,hammonddestiny@example.org,2004-05-23
DFAB00C01CcF860,Angela,Huff,Male,anitamckenzie@example.net,1922-09-16
aDB35cb99a88358,Harry,Moore,Female,debbieturner@example.net,1951-07-19
0269CdeD7B3C8B0,Kristopher,Barnes,Male,frederick54@example.org,1950-02-23
ddd2B9CcEBEe00E,Rachael,Herrera,Male,msummers@example.net,1927-05-04
355e6511Fa0ff55,Vincent,Berger,Female,shannonrandy@example.org,1907-12-16
F2f91586dA8f7f5,Don,Bolton,Male,kkey@example.net,1985-12-28
99A502C175C4EBd,Olivia,Duke,Female,diana26@example.net,1934-10-13
eEF6Cf6C10b1446,Erik,Rosales,Female,alejandro41@example.net,2019-05-06
3eD5c0dDBD0a7DC,Judith,Wall,Female,marvinmolina@example.org,1985-12-25
EbD7AF6EDF4831e,Chloe,Ramirez,Female,tblack@example.net,1907-07-28
afF3018e9cdd1dA,George,Mercer,Female,douglascontreras@example.net,1941-09-11
CccE5DAb6E288e5,Jo,Zavala,Male,pamela64@example.net,1992-11-23
DfBDc3621D4bcec,Joshua,Carey,Female,dianashepherd@example.net,1915-01-07
f55b0A249f5E44D,Rickey,Hobbs,Female,ingramtiffany@example.org,1910-07-01
Ed71DcfaBFd0beE,Robyn,Reilly,Male,carriecrawford@example.org,1982-07-27
FDaFD0c3f5387EC,Christina,Conrad,Male,fuentesclaudia@example.net,1998-01-06
998C3Fda97EfAff,Shelby,Cole,Male,kaneaudrey@example.org,1975-08-18
D7040faD2d368d8,Steve,Donovan,Male,rebekahsantos@example.net,1935-04-14
3CEf7FDfACa48b7,Gina,Little,Female,craig28@example.com,1954-10-07
239dbABfd1d1B1e,Connie,Dawson,Female,connercourtney@example.net,1979-07-21
4e03dA0BCAc82e3,Aaron,Page,Male,harrygallagher@example.com,1981-03-11
B2F0bdF85bfc7cA,Lance,Bradshaw,Male,pennymeyer@example.org,1974-07-13
E923A19a2De032b,Mary,Daniels,Male,glencherry@example.org,1993-07-31
11Ae1fbab4076b2,Yesenia,Harding,Male,robertablackburn@example.com,1906-10-28
14890EC026d5d43,Shane,Reyes,Female,jacquelinephelps@example.org,1956-02-11
2eC6783b36315eF,Norma,Olson,Female,nealtristan@example.org,2012-01-17
bd79EF2c2a3bad3,Melinda,Haas,Male,wernermatthew@example.org,1983-10-16
D5BDdFA8A0baa18,Darrell,Fuller,Male,shannonmahoney@example.org,1940-10-23
9de346CD67Bea2f,Priscilla,Valenzuela,Male,jsantos@example.net,1943-03-20
d2adC15ceDc8Adf,Karla,Steele,Female,gwendolyn67@example.org,1939-05-09
D88FB59Ed3efac7,Alexandria,Mcguire,Female,zalvarado@example.org,1977-11-05
EBFf87b4dbdcFbD,Joanna,Doyle,Male,barbaralowe@example.com,1938-04-12
32fbdA8e70AeB2d,Lydia,Neal,Female,jeffrey19@example.org,1939-09-12
DbFcEF27decA754,Darryl,Meyer,Male,robynwoodard@example.org,1995-05-10
6c89bB8bB7DeADB,Alice,Harding,Male,hickmanapril@example.org,1977-06-14
0Fe59D998cacdd5,Seth,Pratt,Male,lawsonsheri@example.org,1948-04-30
f93C8B8c2FfB46e,Amy,Payne,Male,gibsonjames@example.com,2011-08-22
c380Ce9B006eD2D,Vickie,Mccoy,Male,costacameron@example.net,1992-09-14
aCBb2be896F7EFE,Hector,Sparks,Female,kendra27@example.com,1953-06-07
6C2EA6b5e2eda3C,Colin,Conley,Female,glenn29@example.net,1938-11-29
2B55d6d7B39C4D8,Joshua,Grant,Male,ndodson@example.org,1952-08-23
f6ac8CfF7ac94cc,Yesenia,Key,Male,hreid@example.net,1988-03-29
fEE61DcbEb41633,Meghan,Humphrey,Female,parrishbenjamin@example.net,1962-09-27
8Bac76db335CcCf,Eddie,Daniels,Male,woodsjerry@example.org,1975-06-14
2BAFB7b410ebE3f,Joyce,Abbott,Female,dporter@example.net,1994-08-29
C76ae7aAFcbB2cA,Isaiah,Olson,Female,franciscoshah@example.net,1974-04-30
9f887e71eee4b58,Curtis,Haney,Male,ofletcher@example.com,1988-01-22
cdDbF70fBdfdCaD,Devon,Henry,Female,brandy99@example.net,1982-09-20
EAE9F073c808ccc,Jordan,Long,Male,scottspence@example.com,1913-01-21
daBacFb2F431Dfb,Tom,Mccarty,Female,thomasjefferson@example.com,1967-04-20
1187FDb1d7C98B0,Bethany,Davila,Female,ashley45@example.net,1922-08-25
690145e7Daff789,Ariel,Blankenship,Female,baileyblake@example.net,1973-01-21
87bf311C37DC95E,Jaclyn,Mclean,Male,zavalamackenzie@example.com,1982-04-12
CDF04Db0f9AbD34,Stephanie,Donovan,Male,mandyvillarreal@example.com,2012-08-02
fe3E1A26dc62DA6,Carly,Brooks,Female,fmelendez@example.org,2006-07-28
cEb6af0Da7E6707,Dominique,Stevenson,Male,bennettmisty@example.org,1988-12-09
3c3e7EB7afBFb5d,Doris,Holmes,Female,nguyentonya@example.net,1973-12-10
DFAbEADF85F6245,Joe,Acevedo,Male,lori87@example.net,1974-09-10
e5d840eE5BB6e03,Tony,Melendez,Male,riveralaura@example.net,1924-01-22
DdB70783c1181Ad,Lydia,Vargas,Male,carly49@example.com,1948-03-06
7f83AADE353F5ad,Matthew,Yoder,Female,druiz@example.org,1993-06-17
631e880aee8B16B,Laura,Bishop,Male,stoutjennifer@example.org,2001-10-13
cB5e9a6b2dcCa90,Vernon,Terry,Male,haysmario@example.net,1960-08-13
bA3e5C6ADeBF8E1,Roberta,Hodge,Male,kfoley@example.com,1922-04-29
98B4EeDf0aF2d88,Janet,Heath,Female,nramos@example.org,1989-12-11
bcf0DEa3a7585Fd,Taylor,Paul,Male,hector24@example.net,1946-02-12
AB5a29077eDc170,Ariana,Potter,Male,malonenina@example.org,1959-12-11
24e1fa8cf0c7BD5,Dave,Myers,Female,beanfrederick@example.com,1953-11-17
49F56fAC4632C31,Beth,Harrington,Male,simmonsbrenda@example.net,1977-01-16
69d6EEBb6B1D58b,Diamond,Spence,Male,hrogers@example.org,1962-04-08
620D4D12cbE3c3F,Timothy,Weeks,Male,smiranda@example.net,1971-01-12
aA6A5Db8E06C3b1,Victor,Castro,Female,barbara05@example.com,1939-10-27
120b4B8Ab9f96C0,Samantha,Harris,Male,wthompson@example.com,1965-07-17
Ebd38C6201E6bea,Priscilla,Bean,Male,galvanamanda@example.net,1949-09-29
AcBD2EfE48eEa4F,Erica,Atkins,Female,bradycain@example.org,2018-08-01
D4d937A95711EcE,Tonya,Blankenship,Female,summer68@example.org,1926-09-30
f9dd0F20DDC20a9,Diane,Small,Female,cuevasyesenia@example.com,1995-01-10
BC1Df0060C2cfDc,Karl,Floyd,Male,franklincarroll@example.org,1937-10-03
625CCE85FfAA2E6,Dana,Higgins,Female,pnielsen@example.org,2020-10-22
736A87324dd4E3b,Neil,Sawyer,Male,angiecosta@example.com,1961-03-22
4aE4ecaBd55f3C6,Julia,Acosta,Male,saradoyle@example.net,1915-04-29
A33b2e2A7509599,Brandy,Carpenter,Male,jcraig@example.com,1990-09-16
97f2a3845Ac6aF7,Darren,Manning,Female,ocurtis@example.org,1979-08-08
363BC822BADd5f7,Roger,Beasley,Male,oochoa@example.com,1968-01-29
201FF92c4c85ef7,Albert,Tyler,Male,careyteresa@example.com,2000-03-21
18bc6EeCCE1f1C2,Tracie,Mooney,Female,nicolas31@example.com,2016-02-06
1Bb45198c473530,Tim,Ponce,Female,sblair@example.net,1923-09-04
b17FbED51F5E6dc,Margaret,Carr,Male,kara78@example.com,1990-08-09
a2A4fd285DAD2b4,Autumn,Davis,Female,sierrabrock@example.com,1929-11-25
eAdCa2bd47Bbd5e,Christina,Hendrix,Female,cchandler@example.org,1963-02-09
6b03e33eEddCFC7,Andrew,Holden,Male,yolanda80@example.com,1983-10-08
aE16A3c90AC05dB,April,Hebert,Male,tammie24@example.org,1940-02-06
8CA86e8FcACeE4D,Peter,Long,Male,terrance42@example.com,1988-06-12
99d1Fb3608ACF2A,Christina,Carter,Female,joannacastaneda@example.com,1966-10-08
4eB6A9cb84BF51B,David,Faulkner,Female,costaariel@example.com,2010-09-23
B43EAF7bc56967C,Willie,Arellano,Female,owensmeghan@example.com,1959-08-01
6e07e8F150DeB82,Traci,Sosa,Male,mckinneyelijah@example.org,1985-12-18
f781EbEb7FDBE35,Alexandria,Burgess,Male,franklinnoah@example.com,1952-05-20
B9506A7DdC58b34,Manuel,Castro,Male,michellefranco@example.org,1949-05-23
be4B0DFd06FFF1D,Nathan,Glenn,Male,bentontroy@example.com,1952-03-21
7d3402dB0D0d2ae,Hailey,Aguirre,Male,ygregory@example.net,1936-05-24
9BEeD41BDC4ca32,Arthur,Lyons,Female,gmckee@example.org,1974-08-10
B81eeD3F7e13A2e,Alexa,Washington,Female,garrettgordon@example.net,2004-12-05
cF20CcFDD4E8733,Jorge,Wells,Female,pattersonlatoya@example.net,1908-05-28
0c7fc0bFd703d8e,Oscar,Camacho,Female,albertstanton@example.net,1910-08-23
99fa0bC5cC11b1f,Derrick,Cook,Male,javierfrench@example.org,2020-08-21
979A626e5F115f2,Teresa,Page,Male,lnash@example.org,2015-12-23
009E1accabB9Af6,Randy,Tanner,Female,shellycain@example.org,1996-03-12
a9E3b490AE3B346,Joann,Fuller,Male,pstone@example.net,1919-03-28
Ab0bbcE993E23c7,Christopher,Braun,Female,graytami@example.org,1976-08-24
5627680A2Ca214B,Malik,Summers,Male,lynn40@example.org,2022-03-28
94bE4E2109cF33b,Kristi,Sims,Female,starkbrandon@example.org,1967-01-03
3412AaD2be50E07,Mariah,Huang,Female,timothycastro@example.org,1964-11-19
5AB091FFDe887eC,Monique,Mahoney,Female,vholmes@example.com,1915-08-11
d7A706Fd9AdB27E,Stacie,Cardenas,Female,alejandro24@example.org,1950-07-17
4fdeB8D3F477aFB,Shannon,Cochran,Female,qcarter@example.net,1985-02-20
d5bbEF5AC75B9a5,Peggy,Odom,Male,leah97@example.com,1929-05-25
49Dcb786C01C5ca,Anthony,Briggs,Female,marciamullins@example.org,1951-09-15
2bA19f60a800b19,Perry,Levine,Male,kirsten46@example.org,1989-03-12
aDCb1F0eA108aa7,Denise,Hahn,Male,alexagraves@example.com,1915-04-05
b956E2a9DE3898C,Thomas,Bruce,Female,curtisfrancisco@example.net,1954-10-04
dB2D7274Daf7edD,Robyn,Paul,Male,seanmcguire@example.org,1974-06-10
f52181F2B4c2e9A,Miguel,Leblanc,Female,whitney63@example.org,1982-03-19
5968b1AD19823B9,Laura,Rice,Male,tharmon@example.net,1989-02-18
dbcde3f68Bfaf7E,Madeline,Leach,Male,xcaldwell@example.com,2002-06-25
925E52c1F2F239E,Christopher,Nixon,Male,blackwellpaige@example.com,1999-09-02
9ca2f3A7a60ea88,Mackenzie,Cantrell,Male,deniseromero@example.net,1984-04-23
aB2Ef1d3f6d6e6E,Phyllis,Sanchez,Male,ramseymaria@example.com,1919-12-06
37AdbaEbBA8e317,Jesus,Sosa,Female,jflores@example.com,2019-10-28
beC1BB41df95f2D,Maurice,Hodge,Female,micheal55@example.org,1930-11-01
E1844addD8eEe76,Brittney,Stafford,Male,avilasarah@example.net,1917-10-13
1AD35A22F0BA772,Dalton,Butler,Female,tonystuart@example.org,1952-05-13
382eD6ac4a352cE,Russell,Zamora,Female,isaac99@example.org,1968-10-29
bFB42223CDD342F,Alex,Stewart,Male,rcosta@example.net,1976-05-25
C8C2ebF103A8E69,Jenny,Nash,Female,mhall@example.org,2022-01-26
bddDa7FF9dE3b91,Daryl,Koch,Female,ehicks@example.net,2010-03-11
7eFA59d05df2cA9,Jake,Tate,Male,jorge12@example.com,1940-07-12
C1e7272dFDFF2C4,Luke,Fletcher,Female,ravensimmons@example.net,1927-05-16
85E1F35FAaDA1Bb,Earl,Yates,Male,malik60@example.com,1943-01-04
bCb195daBc7263e,Brittany,James,Male,sanfordmalik@example.net,1946-05-19
2C96bcB1cD0f6ba,Wanda,Alvarado,Female,carolyn22@example.net,1981-07-09
16361CBC0DAFa00,Mckenzie,Beltran,Male,tgiles@example.com,1914-12-11
8EB4C4fd0C44bFa,Ernest,Camacho,Female,jennaconway@example.net,1964-04-04
7Aa938827F1e018,Haley,Hays,Female,iortega@example.org,1976-05-01
Befc7139d7eD662,Dalton,Chaney,Female,pacevirginia@example.com,1951-10-09
4E641fd49f55bcD,Drew,Sanchez,Male,hartelaine@example.org,1908-03-03
108773b6Ba4Dbdb,Bradley,Copeland,Female,waltonleonard@example.net,1984-04-05
6eBdCDac47F3428,Alan,Randall,Male,bernardamanda@example.com,1945-08-05
fA0eA5B7e62c9Df,Angelica,Hull,Male,dpennington@example.com,2013-08-11
eEFc74EBC49e6BB,Daryl,Newman,Female,imccann@example.org,1966-05-07
554A9ecCaFa62ee,Tristan,Morton,Female,terrance57@example.com,1959-05-21
CdCDB0F97fF999f,Tami,Compton,Male,wmacdonald@example.org,1915-05-16
26A154Aa4318fFd,Grant,Esparza,Female,levinebianca@example.net,1907-02-16
8f3015cAb55F348,Sherri,Williams,Male,smithjasmine@example.com,1925-10-18
037eF750C5fb7B6,Barbara,Bowers,Male,david92@example.org,1993-07-30
346FcF07FB14CcD,Sherry,Maldonado,Male,cassidy66@example.org,1956-11-23
1aa37dC5b2eB175,Francisco,Flowers,Female,zachary83@example.net,1966-09-23
DeF3DE4a6ABb2D2,Janice,Daugherty,Female,ireese@example.net,2015-08-22
C88B0CFc36D6fF4,Melody,Clements,Male,christiandarryl@example.org,1980-08-10
75Afa67CffE0Dd9,Evan,Howe,Male,huffwyatt@example.com,1906-06-30
448dAD1F6dCc9de,Terrance,Rowe,Male,schroederduane@example.org,2004-07-22
dEEb9bDB65Ed4fB,Stephanie,Nunez,Female,kaitlynwoodward@example.com,1914-11-04
bA09B6Bc6fBc65B,Jimmy,Wiggins,Male,randallcarol@example.net,2005-08-21
c23aDdb939f4D7F,Sonia,Parks,Female,betty58@example.com,1919-01-12
81Ff5cfd97ACBd4,Curtis,Zamora,Male,isaiah96@example.org,1915-07-24
eA7df1fcFa5aacC,Tracie,Baker,Female,zblair@example.org,1951-01-03
131570D70d0ff65,Eugene,Richmond,Female,xmontgomery@example.com,1993-11-26
aBE87b98c2A20c0,Lonnie,Bernard,Female,tkoch@example.org,1952-12-09
2F704AacCEbAb2b,Alan,Shaffer,Male,fitzpatrickwhitney@example.net,1938-10-04
674bbaD7A5D26B9,Grace,Mckenzie,Male,lawsonroger@example.org,1973-09-11
1bA6EDeebf7E163,Logan,Obrien,Female,theresa29@example.com,1990-04-22
DF17975CC0a0373,Katrina,Duke,Female,robin78@example.com,1935-09-21
fcFdD7dA96c1C7d,Katherine,Bolton,Male,tsullivan@example.org,1969-11-30
A7aBc39Ee9dC1bd,Perry,Rollins,Male,hebertmike@example.org,1975-04-14
AbcE3CcC947cbBD,Makayla,York,Female,xolson@example.net,1945-01-30
4C5Db5BFDBF60eb,Jo,Olsen,Female,kbraun@example.org,2019-11-05
E03EbCFDDcE1f1f,Christian,Mosley,Male,anthonyalexa@example.net,1945-11-20
aBa137daedc833c,Nancy,Arias,Male,melody43@example.net,2009-08-15
4B4D0AD9abE41f0,Cheryl,Friedman,Female,mdavies@example.net,1966-09-07
Efa5aa3e87ed1D7,Helen,Maynard,Male,bthornton@example.com,1944-06-15
0cC97Ab1eAF4ABe,Jennifer,Kane,Female,mallorycantu@example.net,2019-02-12
29cb6ecF75451Cc,Danielle,Howard,Female,rodney01@example.net,1920-04-08
4D01fd1AA71fdcF,Candice,Estes,Male,cliffordbrowning@example.net,2021-10-24
0aB79DDdEDdAe0b,Renee,Alvarado,Female,louis68@example.org,1922-03-23
53147bb2CD4bc1c,Annette,Santos,Female,jadethompson@example.com,1949-09-15
05c44eB3fF9BE99,Kerry,Newman,Male,randall55@example.com,1957-09-06
90511Ae50ED8e2c,Lindsey,Kline,Male,megansimpson@example.net,1995-07-11
11e509B23bA84f8,Dominic,Buchanan,Male,angelica52@example.org,1914-06-17
9a8B1B4f4eEAb57,Gordon,Hess,Male,yvonne71@example.org,1912-09-14
fF56f2b4BAe239f,Bruce,Pineda,Male,ericksonbob@example.org,1997-04-29
C4a0d68C1B2427c,Maxwell,Vega,Female,emoyer@example.org,2014-09-03
FC8fa29F2D57eCe,Geoffrey,Lawrence,Female,mcross@example.net,1939-02-22
003faaEB83B8A0B,Charlene,Schwartz,Male,jonathoncarroll@example.net,1945-11-23
c905D9b34C5456C,Anita,Burnett,Male,chelseamendoza@example.com,1970-02-27
78e17EBCd8dDbc6,Leslie,Patel,Male,copelandshaun@example.net,1907-04-28
66301e7bCfdB2f2,Pamela,Hayden,Female,hherring@example.com,2000-01-16
A5bBa8B5737bF18,Deanna,Ford,Male,josephkimberly@example.com,1928-08-08
Ef3e6746Bb32d4F,Bonnie,Hammond,Male,herbertreynolds@example.org,2000-06-13
F663ee880a9eCBa,Debra,Byrd,Male,carolmelton@example.net,2010-01-24
CA4e2d7d6f7d6fB,Sharon,Torres,Male,gary51@example.org,1911-09-28
F52d1EFf9Aeca7f,Olivia,Austin,Male,ogood@example.net,1955-04-04
ebceFfe3e95DA36,Jean,Harmon,Female,tstafford@example.com,1914-09-13
a88B0C0F3c98028,Bridget,Griffith,Male,jeremyosborne@example.com,1954-02-09
C7BC4419E1B81Ef,Curtis,Flores,Female,hunter00@example.com,1973-04-08
7ff3afDbFb3f698,Bridget,Ryan,Male,jocelyn96@example.org,1967-11-04
Fd6F8D9e986Cc3D,Mitchell,Boyd,Female,franciscoaguilar@example.com,1989-11-08
BF7ad5D75edfdB5,Peter,Bruce,Female,max86@example.org,1996-06-11
aCdE9f39c476fcB,Jonathon,Huynh,Male,logan73@example.com,1961-09-21
cCA7ae678b6fb9F,Connie,Myers,Male,dwayne93@example.org,1992-06-27
94935E4B01ef83b,Stacie,Barnett,Female,latasha47@example.com,1989-02-21
0ae5987cCC3EbcB,Jacqueline,Harper,Male,henry51@example.net,1938-01-03
821BBcC7EA6B83b,Kara,Bruce,Female,marcowen@example.org,1937-11-10
34F6f315c51B749,Caroline,Lindsey,Male,hesscole@example.net,1944-11-20
a6BfA20EDDd4317,Meagan,Salazar,Male,mmeadows@example.com,1929-07-27
C07BC44eFA20A96,Jamie,Logan,Female,diane97@example.org,1964-06-05
BF6f9c6fDb18DBF,Nicholas,Glenn,Female,snowedwin@example.net,1978-07-08
f074a08cD7BdBc4,Shane,Donaldson,Male,cordovacaleb@example.org,2007-01-18
02C553bfcFA32bA,Norman,Zhang,Male,dickersonjoanna@example.net,1982-05-03
d81C0AeE4ba2ACb,Pamela,Hutchinson,Female,marczimmerman@example.org,1942-07-25
cDbDF7B189fcfDb,Yolanda,Stanton,Male,cookeannette@example.net,1908-05-17
4AfAc0Bf3e2708E,Phillip,Valencia,Male,fliu@example.com,2006-12-05
Bcde4A17Aa9D059,Taylor,Benton,Male,alvin05@example.org,1914-06-06
6E90ff6FCE1A1a2,Ebony,Ross,Male,jtran@example.net,1957-06-26
438EeC867c970aE,Lucas,Hess,Male,weeksdevin@example.org,2019-11-03
6fcbE57aeEc26a9,Alan,Nixon,Female,gabrielarosario@example.com,1992-11-21
48a0F16A7108695,Ernest,Wong,Male,hornmackenzie@example.net,1975-04-01
a5cebB3ff1f279E,Kristina,Krueger,Male,fstuart@example.org,1935-10-27
34C5b3CEc30c481,Shaun,Nixon,Male,gilbertgrant@example.com,2003-03-01
05d4a275BAf55B0,Anthony,Wallace,Male,ritarice@example.com,2021-11-10
B93d9dCF40B31A8,William,Ingram,Female,pcurtis@example.com,1926-01-18
69EA746B5eEA97C,Bobby,Day,Female,shawn17@example.org,1979-06-14
06D45f32D614AAe,Krista,Booker,Male,karina40@example.com,1909-07-13
00d907CDBC1CAb6,Isaiah,Hood,Male,ian42@example.com,2012-08-08
5aA4DcBDf5EeBd6,Gilbert,Church,Female,bruce35@example.com,1971-07-15
4B8f92DEfD6A22C,Dawn,Francis,Female,vharmon@example.org,1995-04-12
98b6D6c4Ba5f24E,Melody,Jacobson,Male,andre64@example.org,1954-06-11
f057cc8de892Dd8,Edgar,Ball,Male,yvalenzuela@example.org,1975-04-05
D90b96F7f39f00f,Allison,Walls,Male,ithomas@example.org,1938-10-02
6761B55Ef8Ac3E9,Clayton,Anderson,Female,doylevictor@example.com,2006-08-17
510EBCCeF8FABe0,Desiree,Beltran,Female,mcbridehunter@example.com,1929-08-03
3aFf54f59dcFD2E,Yvette,Webster,Male,sonya26@example.com,2006-08-14
f42aB1cd1fc1B59,Albert,Cross,Male,vsoto@example.com,1906-12-27
cfc55CA94Ad1CD2,Kara,Gamble,Male,paynetamara@example.org,1998-06-16
0F7Ccb72cbbCcD2,Yolanda,Miller,Male,pfrye@example.org,1978-12-14
0De37f35c9cffBc,Cheryl,Tucker,Female,caseyanita@example.net,1972-08-11
41ED141ea9e4E0c,Beverly,Clarke,Female,smolina@example.com,1978-11-30
D045Ee0Fc9dd45E,Kerri,Morris,Male,valdezbrooke@example.net,2011-06-30
B40923EA0F7b9d8,Ralph,Richards,Female,alexa92@example.com,1942-01-30
bE0FB0ACceD7cD0,Stefanie,Castillo,Female,holdenanne@example.com,1924-04-12
C79601b6BDedB8E,Judith,Huff,Male,hallwhitney@example.org,1959-08-05
ECFCF3df04cc0cF,Benjamin,Ramsey,Male,hbeltran@example.com,1981-12-17
D269D6cDBEB29b5,Pamela,Dean,Female,randyhogan@example.org,1946-02-11
9dCfeDAe04fffE2,Tricia,Chandler,Female,katrinamacias@example.net,1952-08-06
c1D6Ddced4Fe3eF,Zachary,Nixon,Female,claudiayoung@example.com,1986-09-12
DB64F2e35ab51b4,Leon,Guerrero,Male,hbright@example.net,1924-02-22
A8AEe9dc6D1f3c4,Lacey,Casey,Male,bennettjoseph@example.com,1979-11-07
841E6f046E83F10,Yesenia,Petty,Male,braychad@example.net,1963-02-13
a386b9bB31accdc,Phillip,Morales,Male,cshaw@example.net,1981-12-13
a61eAFC61DFeA8E,Teresa,Powers,Male,brycehernandez@example.org,1949-10-29
7CcAbC7CAfC4e39,Stacy,Roach,Female,margaretlane@example.org,1978-01-08
caBE9a5064ceBfB,Gary,Blackwell,Male,royjay@example.org,1939-08-25
3759DCaa1d909d2,Jasmine,Irwin,Male,schroederjeffrey@example.com,1949-12-26
c4AB82050cEE8f1,Angie,Munoz,Female,karlpotter@example.net,1984-09-26
38ceeCDD313ecDB,Stanley,Beard,Male,dalestephens@example.net,1962-06-18
05aaB3e75C576D6,Mary,Donaldson,Female,collinlara@example.net,1965-02-03
0b91dFFFc17f5A8,Tristan,Aguirre,Male,kcarroll@example.org,1928-09-10
Ca9E100bcEbbB0e,Jessica,Stokes,Male,millerharry@example.com,1945-08-24
362D0033BCa5D4e,Kerry,Downs,Male,johnsdawn@example.net,1906-09-25
4dE9EDDe64A5A1C,Megan,Owen,Female,cpeck@example.net,1921-08-18
26bEd99B3626fFB,Steven,Decker,Female,tgibson@example.net,2015-09-14
F7307C0fbDafbDA,Dwayne,Vazquez,Male,karlgarcia@example.net,2011-06-13
B86dFeA3794F47C,Chelsey,Singh,Male,braunstanley@example.org,1987-05-07
53a8165b5eFDeBb,Alex,Newton,Female,jerryhenson@example.net,1941-06-12
eD7A4B7C22dAE96,Bethany,Walsh,Female,hurstadrian@example.org,1965-07-30
ff2930FDFE1DAd9,Mario,Pennington,Male,peggy95@example.org,2000-12-27
Fe3234B9A5c73e7,Deborah,Benjamin,Male,eross@example.org,1956-10-30
DCc1fd51aecd9dd,Marc,Owens,Female,vernon03@example.com,2018-04-04
F68014D31ddbf8b,Kristin,Love,Female,chasearthur@example.org,2007-09-04
EbeBaF711EecFa4,Frederick,Villegas,Female,pamlozano@example.net,1927-08-18
6f09DcBFED2E9bE,Angel,Vance,Male,slarson@example.com,1949-07-25
F794BB8AeBFf32E,Tasha,Stout,Male,russojeremy@example.org,1988-01-09
0AB25BC3Df4bcaE,Emily,Good,Female,lincindy@example.com,2014-10-17
4Ac773784FBDecA,Warren,Harrington,Male,tyler70@example.org,1999-10-25
9D393CcAafBD1E8,Julian,Camacho,Male,traceyhiggins@example.org,1976-01-06
42b8FC0DBebFD48,Edward,Powers,Male,jbenjamin@example.com,2008-05-20
354aeA1EF24C5d1,Hector,Fritz,Male,shutchinson@example.org,2013-10-11
d06B554F25f3d0E,Brittney,May,Female,ocochran@example.org,1980-07-15
Fafc20e3bb29b5E,Bethany,Santos,Male,knoxmaxwell@example.org,1962-11-03
46B71DAbA80e320,Vicki,Mitchell,Male,deborah98@example.com,1965-03-22
51C771FB6a3c75B,Jay,Perkins,Male,monroeclayton@example.net,1960-06-18
810Cee3Cb9E7740,Candace,Case,Female,michael90@example.org,1911-07-10
CBff85B9A4A4Aa3,Valerie,Welch,Female,iortiz@example.net,1918-06-07
3f4F6D658B8e4B3,Hunter,Blair,Female,vcabrera@example.com,2008-12-29
b9b02AbadcD77Ee,Phillip,Barnes,Female,ferrellamanda@example.org,1917-02-23
A8210B0B55DCA46,Micheal,Booker,Male,traceyrice@example.org,1976-04-04
dF2fC9cE842641b,Daniel,Morris,Female,gillespiebruce@example.org,1926-05-07
Ce7fdC4A27F8BfB,Jonathan,Molina,Female,cbryant@example.org,2005-05-29
99375ddcf9ADB4b,Kirk,Norton,Female,hahnroberto@example.org,1923-04-07
2FEA22FE9FC687D,Kurt,Liu,Male,ross34@example.org,1970-11-26
5FBeaAfC67EDA67,Stefanie,Prince,Female,ohorn@example.com,1968-03-19
FFfA65f10a35E4A,Ariana,Hickman,Male,morganwendy@example.net,1948-06-04
DDB3ac3B6fDd78c,Lydia,Torres,Female,cherylmcmillan@example.org,1955-03-03
F662ad8DfeC0095,Jenny,Hurley,Female,balldrew@example.net,1961-07-04
Db68EC1E050bdb2,Ryan,Ward,Female,randall14@example.org,1960-04-06
3ede74A0eaa6EEc,Aimee,Bridges,Male,jbautista@example.com,1960-03-23
Daf8e1af4eEe8F3,Kari,Brewer,Female,michaelgallegos@example.net,1991-12-14
444ecB8f60d8ab7,Vicki,Park,Male,katie93@example.net,1981-06-27
B0D770E2D294aF7,Kerri,Simpson,Male,sparksrodney@example.net,1980-06-24
7Dd645101CE7dD1,Raven,Moore,Male,klinecody@example.com,1967-07-11
dCA2E3af07ed79d,Darryl,Barton,Female,danielskim@example.com,1922-12-29
Acda5EdA0bCA2f9,Leah,Benton,Male,cody23@example.net,2001-01-15
e9ad1A35EEDE512,Bernard,Schroeder,Male,walter74@example.net,1943-07-17
89adaADBd6c8F56,Robert,Montgomery,Female,anita65@example.com,1969-05-04
b1788A50be78Efc,Randall,Collins,Female,pmcmahon@example.com,2012-01-31
BEFD3f590Bcf07d,Stacie,Archer,Female,paynescott@example.net,1980-08-13
2d6993bBcBBFE58,Eduardo,Rodgers,Female,christyrichards@example.net,1911-01-30
c2A8DC6D0Cd1fB4,Robert,Avila,Male,judithpotts@example.com,1944-04-14
b3dcF7DFecB31A1,Jermaine,Michael,Female,meghan13@example.com,1937-02-16
cAa967C5E66fc86,Lance,Blankenship,Male,chelsea50@example.com,1957-11-03
93329AE35DEeCCc,Alvin,Smith,Male,johnathanshields@example.org,1970-01-21
7A95b5f60c15e16,Kathryn,Bernard,Female,sarah48@example.com,1957-08-17
CBBE3b613E5EA09,Jamie,Jimenez,Female,reevesphilip@example.net,1919-12-09
7E8caA1EfbC9865,Francisco,Hutchinson,Female,kayla48@example.net,1960-04-24
8D0FdA9eDDa0dB0,Earl,Jenkins,Male,rcochran@example.com,2015-08-25
d70fce03dC34Ad2,Heather,Snyder,Female,micheal66@example.net,2010-08-11
dACf9f23D35EDEd,Christine,Matthews,Male,pbean@example.org,1964-01-01
5BB4737f69cBBeD,Kaylee,Dixon,Female,brendanstewart@example.net,1986-07-04
3f5a8fd3CBf4b74,Ariel,Prince,Female,bhardin@example.org,2003-08-06
41C9C171F0e66FD,Emma,Hinton,Female,nichole84@example.org,1934-03-29
3Ed2FEE49BF6ae1,Kara,Esparza,Male,cfrancis@example.com,1943-10-14
2542C79ef0ada2b,Erika,Cruz,Male,cjimenez@example.com,1963-05-09
A5bA09eaEC487D3,Preston,Erickson,Male,hectorchristensen@example.com,1934-10-29
a77Eca88d9a36C5,Brittney,Norris,Male,albert29@example.com,1926-12-02
7feEdDc7bd8f38C,Gilbert,Lin,Female,louisgould@example.org,1910-09-07
9caF0aE6cF8Dd10,Jose,Deleon,Female,francesbeltran@example.com,1969-05-14
340ABAD5FAaeD3f,Phyllis,Strickland,Male,edgar84@example.com,2002-06-03
2DA08d1CAd4dceC,Robyn,Ferrell,Male,sblevins@example.com,2007-03-07
204C8436FE7f0cf,Marie,Taylor,Male,adrian94@example.org,1972-05-29
A21b0F9a2a762fe,Cameron,Gray,Male,vicki49@example.org,1930-04-10
6355f81A0aFfFfD,Calvin,Gilbert,Female,dustinclayton@example.org,1945-04-16
d49EcceD0Fe3FfB,Glenn,Graves,Female,jermainewalters@example.net,1929-03-27
8A9d5DF69Eb8c3C,Jeff,Olsen,Female,shepherdallen@example.net,1981-06-04
6c2B7c0DaD5bAD3,Wyatt,Monroe,Male,btaylor@example.com,1929-03-01
B216bfCCEEBFe1e,Gina,Leon,Female,joywhite@example.com,1987-01-20
ee89d034CeF83EB,Susan,Fritz,Male,shane47@example.org,2021-09-17
6455dAf38a33E73,Tommy,Combs,Male,figueroaalice@example.net,2020-11-19
A64b3f208cf312e,Julian,Sherman,Female,zsantana@example.com,1941-05-02
4829908F4BE90ad,Fernando,Carpenter,Female,justincombs@example.com,1989-10-25
Fc86a2288ebfdAd,Leonard,Parsons,Female,christinaconner@example.com,1942-09-07
CccE68e2611CB67,Nina,Giles,Male,mchase@example.com,1943-01-13
7eBDf2F5dE9DC7a,Anne,Fox,Male,egeorge@example.org,2004-11-18
9C340401d2E861f,Mandy,Green,Male,jesushowell@example.com,1915-09-03
B580643f4Eee7eB,Angel,Stokes,Male,zdavies@example.net,1982-08-19
d500353D059Efd9,Bryce,Ball,Female,chelsey42@example.net,2018-04-07
E95cF2ADa9cd5De,Whitney,Vargas,Female,kirkoliver@example.com,1946-03-04
1CB7C4e6d0a7C13,Natalie,Grimes,Male,preston37@example.net,2008-12-27
AbB6e97949FBebc,Vickie,Velez,Male,danielroberson@example.com,1978-03-04
a816CbCbbd4f233,Grant,Morrison,Female,edward48@example.org,1906-12-29
CEC378179933f4F,Bradley,Douglas,Male,ymunoz@example.org,1921-10-21
00bBcB58a9D114c,Roberto,Yu,Male,barbaragreene@example.org,1910-07-17
70D7DdebB9D8f67,Debbie,Lozano,Male,debbie77@example.net,1994-07-13
fE5a7Ff19b2aAEE,Henry,Ellis,Female,houseshari@example.net,2001-11-22
faFEea3b50D6123,Kyle,Bartlett,Male,priscilla10@example.net,1974-11-16
E2F6F8eeC9bED4f,Ricky,Fitzpatrick,Female,renee45@example.com,1952-06-20
f930e7A099bbEBB,Tanya,Spencer,Female,rodom@example.com,2002-08-12
F7A3A17EA6DCAfA,Francis,Walter,Female,fflores@example.net,1960-08-20
629924399F23af0,Lydia,Alexander,Female,christiemacdonald@example.net,1991-07-11
f515A6dDdbCFD4B,Jessica,Chambers,Male,mark07@example.com,1923-02-01
A6DDea6bB9A5d18,Summer,Escobar,Male,kelseyholden@example.com,1909-09-19
7c4Bce1aAB51C6B,Marisa,Vance,Male,qmontgomery@example.net,1975-11-17
6995ED0DBaCC148,Gabrielle,Fritz,Female,gene66@example.com,1926-03-02
F6dB61Fb3e6eEc3,Maureen,Barrett,Female,cranerick@example.org,1995-02-18
6C23a8C9AcbCb7E,Cody,Arnold,Female,glovermike@example.com,1955-06-08
AAF953ce6519B3a,Holly,Manning,Female,vmckinney@example.net,1915-06-06
c1711ACe52AFFC8,Samantha,Barr,Female,qromero@example.net,1920-09-01
A4BF8fac1227a2c,Hailey,Pena,Male,castrocalvin@example.net,1984-09-18
EcFf0bEbF0B85f4,Phillip,Dalton,Male,louissolomon@example.net,1959-08-07
aa2fd18aaf2DE0A,Maria,Downs,Male,christopher66@example.com,1979-04-29
daa90Ea7F4193BE,Sarah,Ayers,Male,maria81@example.org,2018-09-28
62d4BBecd04c1D6,Gregg,Hurst,Male,edwarddennis@example.org,1940-12-23
5BB3f6d54c50ead,Micheal,Todd,Male,nkane@example.com,2002-12-19
febeBfb4A53B2C1,Gabriel,Heath,Female,megangamble@example.com,1964-01-25
BAe516915432a3c,Joy,Mercer,Male,tricia97@example.org,1955-06-18
E6E641Bbade1683,Karen,Brown,Female,cbenson@example.net,1999-05-26
4FaC35aE11Bb4c3,Molly,Gutierrez,Female,romangwendolyn@example.org,1971-11-05
A6DfA24E3924aC6,Scott,Mcmahon,Male,collingillespie@example.com,1966-02-05
17cfdDe5c065ab5,Grace,Bolton,Male,efrey@example.net,1941-04-30
1595E8EF9338E27,Kerry,Andersen,Male,stronghector@example.org,1965-05-25
CAd760C0ddC6EDE,Xavier,Johnston,Male,yparks@example.org,1995-03-17
8d9Ea473ed50Ddc,Dustin,Hudson,Male,fernandezkirsten@example.com,2019-05-18
7aFaa0f4Cf25e26,Brendan,Gilbert,Female,isaiahlewis@example.com,1989-02-26
A1c6Cacc6fBf2Cc,Cory,Forbes,Male,colonglenn@example.net,1985-11-10
23fEF7f7C07FcBc,Carla,Marshall,Male,maxwell65@example.com,1917-08-23
b7A6ACe14Da2a70,Tracy,Jarvis,Female,slevy@example.org,1964-04-11
BcB2dE02BdF4483,Anne,Garza,Male,ecraig@example.org,1963-01-07
E646F0FE9dD0fDC,Megan,Mcdonald,Male,clarsen@example.net,1992-10-13
aB8f3fddcAE3ebe,Sydney,Trujillo,Male,gail52@example.net,1955-06-10
E99De3bB84f15fC,Regina,Mclaughlin,Female,daisybailey@example.net,2006-02-20
9f4FbA2EBBDE350,Randy,Bowen,Male,marie87@example.org,1992-12-20
184f82e6bb6A227,Darin,Wu,Female,osilva@example.net,1955-03-20
FF0689BbDb8B95E,Tracey,Hurley,Male,christiewilkins@example.net,1996-01-02
ace63bFCc6E8E88,Jocelyn,Hodge,Female,lvazquez@example.com,1934-03-11
7E23C2d0a7A7A1e,Susan,Joseph,Female,carrollpaula@example.org,1968-01-29
Ad1c6fE266De0ce,Whitney,Burke,Female,carlrosales@example.com,1927-05-01
10BcFD5ED1Fd7a3,Emma,Caldwell,Male,fryrita@example.org,1951-08-20
Fa75A5784A3dE2C,Valerie,Koch,Male,nwallace@example.net,1911-03-15
aa01BBDfDbcee59,Kiara,Miranda,Female,alvarezamber@example.net,1920-08-26
1a478d4BdBF68d7,Karla,Shelton,Male,francislowe@example.com,1964-08-19
Afe55F5D86CBac0,Marisa,Snyder,Male,bradshawpamela@example.org,2003-08-24
433adDe6CcCb1a2,Lynn,Cordova,Female,ernestblake@example.net,1958-12-22
Daa2c6eE2b751cb,Sydney,Leonard,Male,jason39@example.org,1977-05-28
cDCbb25aa87Af7D,Diane,Patel,Male,marco98@example.org,1930-02-11
2D2AEaaBbc6ebec,Christian,Zuniga,Female,bryantbreanna@example.net,2001-01-11
b8EdE8dB06C193A,Clayton,Hale,Female,mitchell97@example.net,1953-12-01
0Ca32994DF228FD,Brandon,Campbell,Male,cortezdarin@example.org,1986-03-01
04Ab34AF7FDD5e1,Haley,Gay,Male,davilaallen@example.org,1939-05-19
8e0D0df4EDD0Bae,Megan,Roberts,Male,nathaniel50@example.net,1929-12-21
a9E75C7cdc1aB2f,Kathleen,Lang,Female,awhitaker@example.net,2021-08-09
dcE1B7DE83c1076,Traci,Duke,Female,perryhoffman@example.org,1997-02-11
9465fFF674Ff030,Bryan,Dawson,Male,tristan32@example.org,1965-08-12
Dc1Ef4D914De5b8,Caitlyn,Wiggins,Female,tschmidt@example.net,2007-02-24
Bb4bE79aeB90465,Mary,Salinas,Female,kirstenkelly@example.net,1985-11-03
4b79C5AcbdD80C3,Cassie,Knapp,Male,lyonssylvia@example.com,1957-03-20
1AcD0ccddF0DCf9,Nathaniel,Shaffer,Female,marcusmadden@example.org,1942-04-13
751Bf40CDdCeB6D,Marcia,Wilcox,Male,aguilarjenna@example.com,1996-07-27
c97AD72A41Cca9a,Jose,Webb,Female,hayley94@example.net,1950-01-30
5dDDcBeFEDa268f,Drew,Valentine,Female,sandra27@example.com,1943-12-09
4DB3cE8D9B95Bbc,Max,Madden,Male,staceyallison@example.org,1975-05-17
Bad48fB46B1bdc9,Valerie,Wright,Male,betty69@example.net,1967-02-03
eb2A96D54cAb5c6,Elijah,Barnett,Male,hayley69@example.com,1907-03-19
45241fd9cCfaA29,Jeanne,Mata,Female,fmercado@example.com,1940-02-17
9cCe4d460980cdA,Sylvia,Cisneros,Female,perezdana@example.net,1914-12-31
d6DEBbCEEd1Ce8b,Linda,Patterson,Male,tamiblair@example.org,1989-06-29
b8F00FeA81E7E1e,Peggy,Guerrero,Male,joanna72@example.net,2021-10-22
4ffEeea05D7b7ab,Tracey,George,Male,dorothyhaas@example.org,1931-08-06
cA2E09ACc7f4c91,Curtis,Bolton,Female,sherry25@example.com,1967-07-27
24ffE1aefa66372,Candice,Cervantes,Male,fpowell@example.net,1978-03-04
CC48BFF6057dE79,Rodney,Obrien,Female,hardinross@example.net,1931-10-01
6CF34DCD040F082,Jay,Lawson,Male,yesenia63@example.net,1996-07-13
d5703EFB0aE200d,Shawn,Hogan,Female,bfreeman@example.net,1996-10-22
D03D2428fD4bC6d,Bob,Park,Male,bromero@example.com,1982-11-07
2E94Affb5a9dB80,Carmen,Stevenson,Female,perryhubbard@example.org,1958-08-12
915f18a27Bc7A20,Dawn,Hickman,Female,ruth92@example.com,1984-11-05
F258Cc9fc813BFA,Elaine,Nichols,Male,kelsey75@example.com,1920-01-31
28eD3aB6E0f464B,Ross,Carrillo,Male,bknapp@example.net,1907-01-19
aD92Df9Efe5950C,Blake,Long,Male,navila@example.net,1922-02-12
Dc4B211215cDAdC,Johnny,Phillips,Male,francis02@example.org,1948-03-30
AFC47cfB7e7cc6d,Tanner,Ford,Male,alyssa63@example.com,1980-01-17
a3c4c0fEE9fdee9,Louis,Hayden,Female,wvasquez@example.org,1945-11-15
d82f65d6b732F2D,Lonnie,Meza,Male,cwilkins@example.net,1965-09-24
086EcD6FBFe5C85,Kellie,Frye,Male,wesleymcknight@example.com,1955-07-06
6d6C1d45B3B9507,Claudia,Leon,Male,brittney08@example.org,1931-11-19
DBB6059dF096fa8,Evan,Logan,Female,shermanlacey@example.net,1920-01-20
0BDeC9Ae4A14b87,Monica,Fry,Female,clarkeshaun@example.net,1911-03-21
fdd16C2cB2631F0,Caleb,Nguyen,Female,janice77@example.com,1949-04-23
feaBDee80bd3bDf,Tasha,Lamb,Female,darryl45@example.net,1972-01-18
4AfB8b6AB186855,Alyssa,Cisneros,Female,shelia93@example.net,1972-02-25
eC15B0388fc6A1E,Seth,Bullock,Female,joann83@example.org,1920-08-15
6EfA04eA2aA4F8f,Logan,Henry,Male,markbenitez@example.com,1962-09-23
a2a76D85aa14E12,Mark,Bishop,Male,gabrielgarcia@example.net,1976-08-08
e1aCEb9B8e6FADd,Sheena,Baird,Male,vraymond@example.net,1970-05-25
dFaB7Bc81Df7EFE,Melody,Clayton,Female,lynn01@example.net,1909-12-01
57AD76BAEEec978,Sheryl,Yoder,Male,zacharybean@example.com,1963-03-26
0Fa10024eA9C495,Lynn,Carney,Male,jmccoy@example.org,1951-03-08
45C1d78d93BFa96,Carmen,Irwin,Male,ian16@example.net,1993-07-05
03ACdCF8F725B08,Shelley,Patton,Male,kiaramason@example.org,1990-05-20
Af9f7bEBaf20B3E,Jaime,Mays,Male,arielcarroll@example.com,1993-09-23
E87cf2dc71eFEd1,Dan,Woodard,Female,stewartalan@example.net,1940-04-19
6de2B1AcFd9cD19,Melinda,Ortega,Male,pweber@example.net,2010-03-13
22A3f7DdA2f4CbD,Clayton,Flowers,Female,brennanamanda@example.net,1945-08-26
B93dCdCCA9aee5e,Rita,Jefferson,Female,ijacobson@example.com,1907-04-01
6dbECa1c2d65A28,Melissa,Palmer,Female,alexandria21@example.org,2021-01-18
c68d7D9e4f37ad0,Sally,Strickland,Male,ibrooks@example.com,1936-03-24
e5FcF92Af51de3A,Janice,Wood,Male,shauncompton@example.net,1948-08-23
eaE6B24fCeeE972,Sean,Velazquez,Male,wintersperry@example.com,1968-09-29
6BeFa7bCaCe35bf,Marcia,Berry,Female,alee@example.net,1960-04-20
7210306Eb0E1cDe,Dustin,Howard,Male,hayleydalton@example.com,1995-07-29
440e0363A712DF3,Jodi,Jordan,Male,haydeneaton@example.com,1985-05-24
5eE0eCa3c6ABffD,Benjamin,Moses,Female,roweisabel@example.org,1981-03-30
0eE44a7fAf7d1DB,Paula,Mooney,Female,phyllisnelson@example.com,2000-09-22
1d302cfF4C11B3c,Melvin,Edwards,Male,hestersheri@example.com,2013-06-14
3f9be87fDa35Cab,Kaylee,Cantrell,Female,ross66@example.net,2014-06-19
89FdFDb8Fa09efF,Logan,Beck,Male,fernando58@example.com,1954-01-24
ffD399FC7075C4b,Preston,Webb,Female,meghankirk@example.net,1987-07-16
e64ea332bdDe3c2,Bernard,Payne,Male,dakota03@example.net,1970-11-30
D59d22DD2bF13C8,Gina,Mays,Female,perrylindsay@example.com,2021-09-13
7fdEf92EFD9a035,Ariel,Wilkinson,Male,reynoldsstacey@example.net,1921-05-23
4d6fB4FFdF963Ae,Don,Melton,Male,aguilaralfred@example.net,1955-03-24
0fD7769271FC4d4,Alex,Burns,Female,pittsmarissa@example.com,2015-07-24
A1CF962d1120Af2,Shelia,Spencer,Male,martinkarina@example.com,2008-07-26
348E5aCe5b6dFC8,Dominic,Graham,Male,karinacooke@example.net,2016-06-26
48bD7CBc57D9B81,Leslie,Richmond,Male,gwendolyn74@example.com,1986-06-05
e5c8a1353Ea0C5F,Amy,Roman,Female,ashley97@example.net,1988-10-09
22A2538bBcCBf1C,Judy,Meyers,Male,myersanita@example.org,1906-09-07
b1bb1cC8deF5333,Alex,Morrison,Female,alyssa29@example.com,2021-02-28
66dAcfaceb50FCA,Allen,Mccall,Female,rileymullins@example.com,2010-03-08
4c41eedEcD804E2,Tiffany,Donovan,Female,morganortega@example.net,1977-02-19
a3672321B2aAa1F,Sally,Garrett,Female,cflowers@example.net,1970-05-07
B42e02edC3Ae9Cb,Dakota,Pace,Male,keymary@example.com,2005-04-12
6cA2D7ED3BeFb75,Willie,Ewing,Female,tristansawyer@example.com,1985-05-15
effC88CfAbbC5f1,Isabella,Caldwell,Female,tterry@example.net,1939-07-28
7f7FFaa2d63b1a7,Janet,Mcgrath,Male,rabbott@example.org,1917-09-25
cA1f220241E096C,Jeanette,Thompson,Male,nhogan@example.net,1951-02-21
1EfcdA0C36Eedc5,Emily,Lawson,Male,lisaayala@example.org,1976-05-23
8D7Abd69EBcabCb,Cristian,Chavez,Male,marissavalentine@example.org,1940-07-06
a6cAC992Fb6BEBC,Nina,Mullins,Female,rosscoffey@example.com,1978-12-22
660FcEEffCAbF4a,Kyle,Bruce,Male,langdustin@example.net,1919-10-05
4ab12D986DeafDc,Jacob,Arroyo,Female,manuel98@example.com,1944-11-10
A624979ED308f61,Nicholas,Kirby,Female,kentzuniga@example.net,1986-05-29
Ad3eeD6281043bB,Jasmine,Chapman,Female,perry90@example.com,1914-07-28
b57FacbCd397D90,Jackie,Potter,Female,logannicole@example.net,1983-10-08
6da0A79eB0aAF5c,Rebecca,Castillo,Female,parksseth@example.net,1935-02-14
De2AA444491b30C,Catherine,Summers,Male,uschultz@example.org,1990-10-26
22cd7dca009E6b1,Clifford,Shields,Male,felicia16@example.net,1935-09-30
8D2CF389dfD9753,Chase,Davies,Female,walterbilly@example.net,1990-10-17
c3df75a238AC754,Jeff,Mejia,Male,nancy68@example.org,2004-10-25
BDFA03Ae3b2f54b,Brandy,Baxter,Male,darin55@example.net,1978-10-18
0961FAf90F4b2b1,Heidi,Valenzuela,Female,shahbreanna@example.net,1985-12-14
84d541bF328a42E,Andrew,Logan,Male,salazaremily@example.net,1960-04-19
6A8E5aE93ef7Aff,Virginia,Sparks,Female,chanalyssa@example.com,1942-02-12
B1F5F9C8FAb02cb,Samantha,Brown,Male,andreelliott@example.org,1973-08-08
6CB75D1B2ab98E8,Lorraine,Andersen,Female,glendamueller@example.net,1932-12-30
B1ffb1704b624FB,Kendra,Buck,Male,jkeller@example.com,1945-09-04
E6bB801aCD2F2a0,Aaron,Wheeler,Female,wilcoxalexis@example.net,1942-02-22
d6Dde5a8cDAcaCF,Raven,Waters,Female,oreese@example.org,1949-12-10
42069E2a97adFCb,Terri,Stout,Male,jeanne07@example.com,1911-05-08
0D9d3de32cBD4De,Ross,Cherry,Male,russodawn@example.org,1998-08-16
09bfCF9a254fDBC,Jeremy,Gonzales,Male,patriciaenglish@example.org,1945-05-05
f0Ece0Adc57469f,Edward,Mcintosh,Male,tcantrell@example.org,1946-04-19
bdEbae54edc2b23,Sabrina,Wilkerson,Female,aaronmonroe@example.com,1913-06-01
3d8FCb3DEc6DF1A,Darren,Ramirez,Female,rushashlee@example.com,2012-06-07
0dC7084B63A02BE,Tanya,Burgess,Female,cheyennelevine@example.net,1952-05-06
b55f4a156a24024,Connor,Benitez,Female,ballardtina@example.net,1908-06-12
9AE7aF4ddAdEA5f,Angela,Pruitt,Female,gbeard@example.com,1948-06-24
21476cdda8cbB56,Norma,Cline,Female,autumn44@example.com,1969-07-02
1Ce2abB79CA6b40,Perry,Camacho,Male,allentamara@example.net,1976-06-13
d1dBCAD3825277E,Darryl,Ballard,Female,lauren07@example.com,2009-07-08
738C11c81DEeeb8,Maxwell,Greene,Female,maysjason@example.org,2013-11-11
7BFf0E550f2D794,Nicole,Harrington,Female,schneiderwilliam@example.com,2006-03-07
7FB6905ebe1A4FB,Gail,Walters,Female,ruthashley@example.com,2009-03-07
fAd50CaEC5De3a2,David,Cooper,Female,hross@example.net,1924-12-01
0d76Cc0178cEDde,Jade,Molina,Female,hurleydeborah@example.com,2021-02-15
8034D6C38d32ceB,Shannon,Marquez,Male,alex20@example.net,1950-10-25
Aca5354F4cFDE1f,Jake,Shannon,Male,abautista@example.com,1934-04-18
1CAE1D46Bb2D88b,Dawn,Lowery,Female,darlene54@example.com,1991-09-05
bBad672CaFe2Bf2,Carrie,Newman,Male,medinachristie@example.org,1947-04-06
Bd5097dA8dAED4D,Ross,Davenport,Male,gmacdonald@example.net,2021-07-07
FCb92CeC4Bd2Fa5,Johnathan,Dudley,Female,neilmeza@example.net,1968-07-30
D9e46cBD0bb5D98,Franklin,Decker,Female,cwoods@example.org,1976-08-03
FbCfee2c5A11b99,Candace,Velasquez,Male,warren03@example.com,2001-05-21
67844458acb8E4f,Kaylee,Skinner,Female,gfrazier@example.org,1918-12-04
8fdA78eCB748D7A,Francis,Carr,Male,soniamontes@example.com,1965-09-08
aB4EC741BFAd71f,Breanna,Yu,Female,bvalenzuela@example.org,2015-07-26
74c74Cac4de4fDf,Marco,Ramos,Female,frederickcooley@example.com,1958-10-16
1EB8ac9BE8bbC8a,April,Love,Female,kluna@example.net,1919-11-17
6fc27d896D3c31e,Bryan,Wise,Male,mackenziekennedy@example.org,1968-07-04
3E836e147370be3,Sabrina,Burch,Male,ewheeler@example.org,1980-11-17
220bEfDd34E26EC,Evan,Kerr,Female,clarencesimmons@example.net,1925-07-21
7B4fC10a2bafCF3,Luis,Knox,Female,rsanchez@example.org,2000-04-06
a93ce099dd11BB0,Jo,Beasley,Female,romananna@example.org,1909-12-31
fF284beE35bBA83,Rebecca,Beasley,Female,kristinasantos@example.net,1975-10-16
ABf7325Ecd6bcbC,Kristie,Good,Male,leachalicia@example.com,1987-07-13
ec2Cc8fbFBF8F8D,Natalie,Velasquez,Female,bbarnett@example.org,1949-01-31
D25eCcABfFE4C5c,Dominic,Friedman,Male,hancockpaige@example.org,1908-07-26
B3cc4415Cf3aDeC,Molly,Ashley,Female,susanyu@example.org,1984-06-09
BE2A1E276a26bA1,Kristin,Wang,Female,cristiannicholson@example.org,1923-11-22
65C7BEd9cb1B8aA,Rick,Chavez,Male,katelynpowell@example.org,1920-12-16
4bB94aac5333AE1,Wyatt,Bennett,Female,mcneildonald@example.net,2012-02-27
CDeF8A60Fb7A1Cc,Meagan,Roth,Female,wilkinsalicia@example.org,1955-07-31
E3f1FCb09027344,Lisa,Roy,Male,schroedereileen@example.com,1913-06-22
Ce4A51f46CD8379,Marie,Bautista,Female,smithluis@example.org,1974-07-01
EF07DC6caA5D31F,Rita,Walsh,Male,udonaldson@example.org,1975-07-13
0CfCCfc4617b8fd,Howard,Sosa,Female,joshuawhitehead@example.net,1929-01-06
EAebe71E9B4F8ca,Kenneth,Middleton,Male,leonard98@example.com,2019-10-18
59F389BC8b480eC,Katelyn,Burns,Male,johnswesley@example.net,1936-01-08
5f4B1F99D8EfDf1,Douglas,Ellis,Male,zoeknight@example.com,1952-09-14
35b3eD70Ba7bfF9,Rickey,Sims,Female,yolanda29@example.net,1914-12-11
44bCffc462bAA63,Tammy,Delacruz,Female,dwaynemay@example.net,1997-07-22
20E292e52B978EA,Mallory,Warner,Male,migueljordan@example.net,2004-03-15
936CC4d80a9960F,Charlene,Abbott,Female,morganoscar@example.net,1929-05-22
5E5dbe677C8Da1D,Bailey,Bonilla,Male,bishopdesiree@example.net,1965-11-29
15AB971997BFF3b,Jody,Carlson,Female,olivia64@example.net,2017-03-19
BD4D1Ce1cE4daA3,Theresa,Zavala,Female,gallagheraimee@example.net,1932-11-28
eCD633518f1E6ed,Darlene,Underwood,Female,geoffrey78@example.org,1949-01-23
73d4A6193AAEcCC,Amanda,Glover,Female,alexis67@example.org,1958-12-17
FE85af8035F58c4,Vickie,Mcgee,Female,sierrapearson@example.com,2016-03-20
b05b2FcafF87ebe,Laurie,Wallace,Male,christopher36@example.org,1971-01-25
10a20299ba5e079,Fernando,Escobar,Female,alejandro98@example.net,1935-09-27
19Fed9aFBA694a3,George,Maynard,Male,gromero@example.org,2005-02-21
596B7256a000033,Samuel,Glover,Male,conradalvin@example.net,1988-12-17
A4E3D5AD1895c5C,Heidi,Brock,Male,kelly77@example.com,1954-09-13
a6eC59c6f5e5B25,Bill,Pierce,Male,walter50@example.org,1955-11-26
8bC1dECdBE9C486,Max,Hanson,Female,dylanmccall@example.com,1938-08-25
a48c52e71Fe4BFC,Alexander,Benjamin,Male,mtaylor@example.net,2000-01-09
EB191EA73E73195,Kelly,Gentry,Female,pamelamueller@example.org,2016-09-06
cFa41AC8D3DFbbd,Brett,Petersen,Male,garrett10@example.net,1966-11-23
FbB1eCd50d46bbf,Lorraine,Miles,Male,wiseroberta@example.com,1925-09-28
D2A1597db9DD6cb,Heidi,Berger,Male,graycarrie@example.net,1934-11-06
f4EfF9e2fc4D0bC,Jaime,Kelley,Female,onealstephen@example.com,1941-03-26
CBA7CBab9Dfeabe,Brittany,Conner,Female,jennaguerra@example.com,1936-06-02
FFB77320B39ea0E,Christy,Martin,Male,cassandrafrazier@example.com,1928-05-27
C8F6080ebFbAf2E,Regina,Sims,Female,breanna42@example.org,1979-10-03
4aFFB7eC9bd16fc,Ariel,Bean,Female,imitchell@example.com,1995-06-17
C8CB3Df525208B3,Troy,Weeks,Male,elliscandice@example.com,2014-05-26
Bd6E5AeDB8b0B85,Carrie,Gomez,Male,cristinalevine@example.org,1961-07-10
eEd90E2BE67cfEa,Norman,Lambert,Male,ibarrajasmin@example.org,2017-09-27
eB4dd4CFf58a92c,Vernon,Lara,Male,michellecunningham@example.net,2014-04-20
4da9465cBbcd1a9,Shaun,Robertson,Male,collinskyle@example.org,1984-01-10
1c4a1Fb8Edf68Bd,Sheila,Pace,Female,bvalentine@example.net,1997-11-22
8FB6bFbdf6d5AFD,Diamond,Huber,Female,kathleenlivingston@example.net,1917-08-27
EcF5c3AAa4aBB82,Bryan,Oconnell,Male,rebecca49@example.org,1931-01-27
F16DDAAEF9Aa1E9,Chelsea,Fitzpatrick,Male,sandyandrade@example.com,1988-08-20
A3C384EB6F44Fc9,Emma,Jenkins,Female,betty89@example.net,1955-07-31
BA9FCDFCed8a434,Elijah,Roberts,Female,janet65@example.com,1973-01-04
77F47E08CfbCa65,Darren,Hamilton,Female,kaylee41@example.com,1930-05-22
3ACACCEa43cc701,Alicia,Orr,Male,mindy66@example.org,1979-09-05
5b8EC2B3CE232Dc,Christina,Barnett,Female,spencerdean@example.net,1923-12-04
A93DD75a1B1aC2a,Tabitha,Beltran,Female,morsebernard@example.net,1915-11-30
45a386F7a80Cdbe,Sarah,Schroeder,Male,gabriella52@example.com,2006-11-04
F16A25630bcb0CC,Katrina,Jordan,Female,joel78@example.com,1934-04-27
7D5A42fDBCE5D17,Sophia,Harris,Female,koneal@example.net,1988-06-06
f11201935b4Aaa6,Brady,Coffey,Female,uharrell@example.org,1997-08-17
f1433fdBF2aF214,Kristie,Cameron,Female,achristensen@example.com,1932-01-11
7f988e027112551,Tracy,Yang,Female,daringonzales@example.com,1914-12-10
0dF8df0E0e1Cf4B,Hayley,Hess,Female,tranpatty@example.org,1917-02-02
edf83d698CAcdD2,Joanne,Moody,Male,alexandersantiago@example.net,1939-06-30
Ca53B9d7EdF83EE,Rick,Shields,Male,gentryaustin@example.net,2000-03-12
eBD1d5A9cc662a3,Jo,Harris,Male,kristatorres@example.net,2011-08-21
0Aa56ae7D7fe82f,Yvette,Barrett,Male,michaelawillis@example.net,1982-07-07
f50FBaf6A949269,Autumn,Avila,Male,harringtonjames@example.net,1954-10-21
3cB04beBeCd2daa,Eduardo,Maldonado,Female,jbuchanan@example.com,2000-11-22
F593F1abdecC4bc,Shari,Gillespie,Female,terrenceware@example.net,1927-02-08
79fBAFAdA0Cc4c3,Caitlyn,Webb,Male,jhancock@example.com,1930-05-26
CE058D7DB97D0Df,Cathy,Gallagher,Female,lwalker@example.org,1947-01-25
Fd8ad0F0ff47bAd,Morgan,Spears,Female,miaward@example.com,1981-02-23
6F140eDaa8EaBfF,Bianca,Merritt,Male,danawatts@example.com,1911-08-06
cFeE691ffA1c254,Kenneth,Sanchez,Male,rhondakrause@example.net,1939-06-27
C4D0eeca81999E0,David,Skinner,Male,stacy04@example.net,1970-04-04
F73c1acfEabbe77,Caitlin,Hoffman,Female,richshari@example.com,2011-03-23
CB7Bb6f8B855dD7,Peggy,Moore,Male,bvaughn@example.com,2011-12-28
fD9d0F38eFBa56B,Doris,Larsen,Female,ewatts@example.com,2000-07-27
203e2beE6cc7d3b,Mercedes,Potts,Female,virginiarichard@example.com,1950-07-28
7f1600A9e94BcDB,Craig,Duffy,Male,jeffersonbrittney@example.net,1939-12-08
bC702C45cBCCa3F,Tami,Patton,Female,blackburnmiranda@example.net,1945-02-17
7d36C7aBBbf4b83,Erik,Summers,Male,woodarddarryl@example.com,1946-01-04
7333106C93e179c,Theresa,Cantrell,Female,qcraig@example.com,1952-12-04
dBF044bC70d8afd,Kendra,Bird,Female,yhubbard@example.com,1915-02-09
80e5d8dD8aFAdcb,Heidi,Odonnell,Male,lambdennis@example.org,1936-02-06
8CaBCcBfccaacb0,Regina,Green,Female,earlbenson@example.net,1970-11-12
FF2F15A0c3e6Df6,Betty,Quinn,Female,cherylhuang@example.org,1910-06-04
eBc8c80DF2ca986,Mariah,Woodard,Female,madison48@example.com,2011-08-27
caEcaEe8b14Cfae,Emily,Molina,Male,xrusso@example.net,1922-11-15
C7e5E19673db661,Kristine,Dyer,Female,autumn44@example.org,1919-09-11
7EDC571BC5fb2Cc,Brad,Crosby,Female,ydillon@example.net,1948-01-12
1D2cA9eDfc7aAAC,Drew,Beck,Male,evelyn76@example.org,1927-03-24
6EEacA1cC73fDba,Blake,Whitehead,Male,wrush@example.net,1998-03-05
acf2a33A8Fc3Cd9,Maureen,Flores,Female,terrancegordon@example.com,1960-04-17
1B7E5A3B1837BF8,Monica,Santos,Female,douglasmorrison@example.org,1963-05-09
f430E7D24D8CdD5,Brittney,Stephens,Female,jaredgallagher@example.net,2004-03-20
d5DEd272fDF5bEA,Aaron,Little,Male,mitchell36@example.com,1972-03-07
BCe1cA2aF4dc7Df,Leon,Duarte,Male,estradasusan@example.org,2018-12-02
59b8B645CDe6e88,Frances,Harrell,Male,fieldstanya@example.net,1957-07-18
e5b56663E1207cF,Anthony,Ross,Female,onewman@example.com,2008-12-26
A4bD25aEFeB33fa,Alejandra,Esparza,Female,rhines@example.com,2005-10-11
6dc774AEa44FFea,Angelica,Lynn,Female,odennis@example.net,1954-08-04
84b2ad43250301f,Tara,Moody,Male,huntjohn@example.com,2016-06-18
5E0A3C8fe14c45e,Patrick,Landry,Female,garciaeduardo@example.net,1913-02-26
2d4bFC48Fa759eC,Claire,Esparza,Male,maysmelvin@example.org,1948-04-21
2bA0A8BBbAEFF68,Evan,Sheppard,Male,pnovak@example.com,1940-05-07
cA10A9202e6bA2D,Claire,Thornton,Male,fernando64@example.com,1997-08-05
1edDB7AddBB3e9E,Richard,Rocha,Female,scrosby@example.com,1968-09-25
ab2c4afC563bDc6,Kent,Flowers,Male,warejoanna@example.net,1984-10-05
F7bf5c95e39b7BE,Jane,Zamora,Female,vanessa70@example.com,1933-06-05
B117Cee2EEa4125,Rita,Sweeney,Female,jessica23@example.com,1982-01-03
8b0bC617a6a50Dc,Leah,Mcfarland,Male,lauriehudson@example.com,2015-01-15
8aa995c7659BC9C,Vincent,Schmidt,Male,krausejo@example.net,1951-09-30
C54D6636EBAAD95,Ronnie,Hurley,Male,cathycalhoun@example.com,1915-04-13
FB6Fdd4Ff910aeE,Audrey,Burke,Female,jocelyn06@example.org,1985-01-21
029daB8F128B645,Javier,Mata,Male,melvin39@example.org,1948-10-04
fAe6254d1E37D0d,Cassie,Price,Female,barbarakrause@example.org,1924-05-05
5FAaf91AF4cb9d0,Julian,Zuniga,Female,michealfrazier@example.net,1975-10-07
AA8CB54E5bE8f7f,Carla,Ramos,Male,rayblackwell@example.net,1979-02-22
BC35A8dAaE8A73e,Elizabeth,Pearson,Male,lisaflynn@example.org,1982-07-15
A8DcFC5bC8276BD,Lorraine,Carney,Male,katherine31@example.com,2012-07-21
E15806c8d7dE468,Joanna,Kaiser,Male,denise90@example.org,2018-09-20
D25CCce21EFbe7F,Johnny,Daugherty,Male,valdezdana@example.org,1931-06-19
7e9af03228B5Cb9,Gabriel,Bird,Male,jeaton@example.com,1944-02-24
FAbE465EA20A1Ba,Bianca,Becker,Female,chloeray@example.com,1975-08-08
d2fFe97a32647f6,Reginald,Roach,Female,parsonsrussell@example.org,1915-04-19
f2659f09BB9d186,Kimberly,Kirby,Male,xcabrera@example.com,1921-02-04
c9b482D7aa3e682,Lonnie,Duke,Female,kevinkramer@example.net,2015-05-12
ac9A8cBf5e8EAEd,Kelli,Koch,Male,dherring@example.net,1981-09-11
bF6e50d8Ca9f8F9,Jo,Kidd,Female,sherrybenton@example.org,1906-09-04
A20150cA0966CAF,Diana,Rivera,Female,malikglass@example.net,1960-10-30
FF932e2bcccb9B2,Allen,Fitzgerald,Female,sherylclay@example.org,1934-02-22
9BF53D7DcabdAA7,Leonard,Wallace,Female,knightmiguel@example.com,2012-08-25
5A3147D0A0b5eFa,Arthur,Pugh,Female,charlesjanet@example.com,2017-03-30
a2110859fEdbcaB,Dwayne,Bauer,Male,meagan80@example.org,1988-09-07
BBa02EC792cfFf3,Heidi,Avila,Female,willisannette@example.org,1925-11-10
BF2d1D6E5bacaBC,Franklin,Key,Male,bridget79@example.org,1985-05-24
d8D3Ed36fa630bE,Sergio,Rangel,Female,catherineholden@example.com,1947-12-09
b0E2bF69efAB9c5,Gina,David,Male,barrleroy@example.org,2007-07-23
95e04B535D8e8CC,Mike,Baldwin,Male,rchaney@example.org,1986-08-22
8019a2FFb2c0a3B,Holly,Burnett,Female,lindsey59@example.com,1993-10-18
de8Bb8dEa84d29F,Jenna,Dawson,Female,ngrimes@example.com,2022-03-05
79e8a7A269f890d,Catherine,Bryan,Male,prestonmiranda@example.org,1956-10-25
e80Fa1FFD1Eb46A,Jerome,Dougherty,Male,fernandomason@example.net,1909-09-06
CEa30100D11C420,Wayne,Zhang,Male,imccullough@example.net,2004-03-08
Ab9bBff60787e3A,Blake,Duke,Male,shawn86@example.com,1953-12-27
eaAda801D24C59C,Rick,Mosley,Male,howardariel@example.com,1948-03-11
f18c18ab8Ab27Fc,Reginald,Howard,Male,lindseyleblanc@example.com,1921-08-20
43A1757E8DbA223,Chad,Manning,Male,lhuffman@example.org,1929-04-23
Fb9178FdC2CEE3d,Wayne,Velazquez,Female,tanyaromero@example.net,1971-04-07
A97F9D0BFde1565,Darren,Lowery,Female,bhaney@example.org,2012-09-14
0AbaC4a6BB81Ab6,Perry,Wright,Female,joseph15@example.com,1976-02-02
E28aB037BCbdE2a,Mandy,Gregory,Male,spearssonya@example.org,2019-04-27
Eb6Cd01A17a5a56,Tammie,Neal,Female,norma12@example.net,1955-03-02
cCbd920BE02ee0F,Wayne,Guzman,Male,suzannemaxwell@example.org,1924-08-20
B5709aba28899e6,Whitney,Wang,Male,fullerstuart@example.net,2020-11-02
FBe8a925400f4f4,Cassie,Moore,Male,shahphyllis@example.org,1997-03-29
F2aEDA5F5fc0685,Regina,Carlson,Male,lauren11@example.org,1949-12-11
eABE50FeE6c751b,Jason,Downs,Female,lhooper@example.org,1916-05-27
d7669B20ebC9A2e,Jose,Kemp,Female,beverlyhawkins@example.com,1980-05-10
424F7Df575a3065,Joy,Meadows,Female,nathanibarra@example.com,1949-07-22
Bebf9fB917CFc6a,Renee,Bowen,Male,tknapp@example.org,1997-10-26
fe01EF29A34aF99,Julian,Pennington,Female,kingabigail@example.com,2006-10-16
faCaD334e8Eef84,Pam,Jennings,Male,alisha35@example.com,1912-10-20
F32De403D1DBac2,Julie,Mckay,Female,cathy34@example.com,1934-02-02
7740F2cBCaEB2fC,Jodi,Pena,Male,cannondean@example.net,1986-12-07
7502B47999fF8ED,Mason,Compton,Female,vmunoz@example.net,2010-12-28
C5BAe1ADD5986cE,Frederick,Perry,Female,kristinerodgers@example.com,2001-02-18
dC121D6cCe812fa,Sheena,Crawford,Female,miranda19@example.org,1907-05-18
6f9fcADee67c713,Katelyn,Henderson,Male,gpatterson@example.org,1999-09-06
5DACBefF884DffE,Bobby,Patterson,Male,alicejoyce@example.net,1963-03-25
db90E7B9FF2A9C0,Marvin,Steele,Female,lukefuentes@example.com,1970-05-22
5CAbD9dF096Aa13,Katrina,Woods,Female,haileydurham@example.org,1923-08-29
fcfDa2eC50ae07C,Rachael,Delgado,Male,kristinedaniels@example.org,1975-02-23
Ed91fA258936EC5,Alexandra,Ward,Female,lzhang@example.com,1954-11-30
F5a33C77aA390AC,Darlene,Mcdonald,Female,katiehurley@example.org,1981-07-03
cdD4Ee6be68BADD,Morgan,Luna,Male,zaustin@example.org,1983-06-05
e8Cb6Bc924f9FDe,Vernon,Hancock,Female,simmonsrickey@example.net,1936-11-04
dF4FDB4BDAA5f8f,Robyn,Richardson,Female,alishasmith@example.net,1989-01-02
6aBba43CE031E14,Vanessa,Fischer,Male,kyliegill@example.com,1992-07-04
Dba3CD8ABD2D807,Heidi,Roman,Male,jasmine45@example.com,1944-03-31
231cA50d1fBAC0f,Kristen,Brewer,Male,yatesjoy@example.com,2016-10-13
9eD7FFd12eDFaCe,Jean,Browning,Female,clineangela@example.net,1980-01-11
7Cd475256fF1D28,Lawrence,Gregory,Male,yolanda30@example.com,2013-05-01
FFdAE44a6E3A64C,Christine,Payne,Male,ihouse@example.org,1913-06-13
27eeC47948DFD15,Barbara,Ramirez,Female,kiddmakayla@example.com,1919-02-06
f7B611b1acC1564,Ruben,Hammond,Female,delgadodarren@example.com,1954-11-10
A4D53a3EfCfcAcB,Donald,Nash,Female,albertsummers@example.net,1953-08-08
668E9F3f3fbfD6f,Angelica,Anthony,Female,andre30@example.org,1943-11-12
4A9BA13acFe3dB1,Claire,Glass,Female,vanessacox@example.com,1980-10-24
e1835eA12f669Ab,Leslie,Curry,Female,mike30@example.org,1990-11-01
Da915B5ed8D97d4,Calvin,Thomas,Male,munozglenda@example.com,1909-06-06
caDAddce68a5E34,Makayla,Boyer,Male,claire28@example.org,1999-11-18
5150EF9E1cfceb2,Caitlyn,Bass,Male,xjohns@example.com,1910-09-02
3fEA9f572A3af9D,Tony,Holmes,Male,alecblake@example.org,1949-07-01
7b8cD5a408faDB0,Lydia,Cisneros,Male,phillipspence@example.net,1922-12-23
a1169FdfbB173E8,Debra,Knight,Female,hhayden@example.net,1924-08-22
d267aDd8B64dE78,Garrett,Barber,Female,dwayne48@example.net,2008-10-08
Dea7Ff4d68c0FD3,Annette,Grant,Male,jakerichard@example.org,2013-05-30
d2DEaD9fd0ac7EC,Todd,Blackburn,Female,bowengerald@example.com,1959-07-14
ee4aB7cf0f5c058,Xavier,Ray,Female,tommy55@example.net,2009-06-05
c96f6E281e57197,Gilbert,Wilcox,Female,elynch@example.com,1911-01-18
18941F347C6EFd2,Frances,Gilbert,Female,stacey22@example.com,1928-06-26
25Eeca12Af6dc9b,Eduardo,Whitehead,Female,riveratracy@example.org,2014-03-29
d9dD13F72DeBEFc,Jillian,Valenzuela,Female,robinsontaylor@example.net,1951-02-01
acF9EcCcB6aa19F,Jenna,Atkins,Female,janicerodriguez@example.com,1927-12-20
A04BcfcDF9FeB1e,Chelsey,Martinez,Male,daniellestanley@example.org,1994-04-15
DC89eCAd3e29B64,Ebony,Harmon,Female,guyroberson@example.net,1992-10-29
d9cdb1B50b11E0a,Grace,Underwood,Female,tiffanymaxwell@example.net,1928-09-27
D4cd00da652b525,Harry,Conrad,Female,raymonddickerson@example.net,1942-08-02
d0Fd08CEbA41c09,Rebekah,Koch,Female,livingstonrandy@example.com,1929-08-10
e96B00Ea1A4AfEb,Jody,Nguyen,Female,birdchristine@example.net,1948-08-29
cfd7AbC9Fda5B0d,Caleb,Erickson,Male,zimmermanchelsea@example.org,2020-12-29
a691dFeB0E93d4d,Katie,Gamble,Female,marshallmary@example.com,1977-12-11
71F739A38d5D85A,Patricia,Lane,Female,wolfeshelby@example.org,1916-11-11
8C68f3F7fCdE854,Dorothy,Shannon,Male,tonya08@example.org,1937-03-10
9dD0fA3FA742F6e,Dominic,Moran,Male,gavinyork@example.org,1952-02-27
bd0E4aCa6c9Ff6b,Virginia,Tate,Female,zcortez@example.com,1953-03-31
2d5C3dc437CF74c,Terrance,Hubbard,Male,katienoble@example.org,2002-03-22
D8A160cFf6B758C,Paula,Daniels,Male,baileybarron@example.net,1915-10-04
ca405D00cbffbB0,Steve,Peck,Male,nicole39@example.org,1909-02-11
031EEefB0f3f0C0,Franklin,Conley,Female,carlos21@example.org,1914-01-12
c04a307Bf53C5a5,Mary,Aguirre,Male,djordan@example.net,1991-02-07
9A6ef2C5f4192B9,Krista,Alexander,Female,raymartin@example.org,2016-03-12
bC9AF9CD40dB26C,Tim,Frey,Female,kiddbryce@example.net,1956-06-19
e08F4F30bB170cb,Shane,Mcgrath,Male,latoya41@example.org,1971-06-30
43CdFBDc5D631BB,Sonya,Nixon,Male,allisoncoleman@example.org,2016-09-13
C373a6DfE147b59,Diana,Burnett,Male,griffinadam@example.net,1942-06-20
feAb6AB57dE8DB3,Kirk,Stanton,Female,fcantrell@example.org,1935-04-22
b6A2C01C4d6c9a0,Toni,Kline,Female,shouse@example.net,2012-05-02
0e0E47F5b9AbdDe,Sonya,Flowers,Female,novakleroy@example.com,1943-07-19
bc4EAf173C2e2cc,Stuart,Kim,Female,chrismcknight@example.net,1991-12-17
7EAB1b223De8c22,Margaret,Wang,Male,dfrost@example.net,1939-05-06
0CFcdEe5cbBdA0c,Fred,Dennis,Male,littlecesar@example.com,2010-01-29
8fB74AeAa3e1a76,Becky,Jimenez,Male,coreysavage@example.com,1999-03-07
c03baDebc04ba3D,Mark,Donovan,Female,lorraineellison@example.org,1914-03-26
132E21CcB3fC9a9,Terri,Brock,Male,hooperashley@example.net,1982-02-18
fcFEBc4ba91Bff1,Jorge,Flynn,Male,bvillanueva@example.com,1984-06-29
dEcBC02d0DF5A2E,Jean,Harding,Male,dodsonmelody@example.com,1975-08-23
A611B2d0cbD23bB,Laura,Horton,Female,owensdanny@example.org,2013-01-17
BA364F4E2bF880b,Carlos,Ramos,Male,rita22@example.org,1957-05-09
f06cFfc4ca098f7,Norman,Fritz,Male,bryanalejandra@example.com,1999-02-17
77fd54b78285efa,Dana,Hayes,Female,uhale@example.org,1979-07-24
aCabfCFCCa9fB2c,Jonathon,Holden,Male,melodyrichardson@example.net,1933-09-13
4Fc2781bb90980C,David,Garcia,Female,keithjacobson@example.org,1982-11-21
d599aCa3193b446,Javier,Camacho,Male,shannonthompson@example.com,1914-09-11
Ccba2A606527545,Shelley,Barajas,Female,pateldennis@example.org,1925-01-27
D2fc9aAf83C9E8d,Jerry,Mooney,Male,courtneybullock@example.net,1998-10-26
fB2Ae2Ca0AEFaa0,Gwendolyn,Lane,Female,dberg@example.org,1984-02-06
F5bEe8FcBf4ccc9,Jon,Soto,Male,hrobbins@example.net,1950-06-01
Da9eec47EAb83AA,Melody,Hebert,Male,cohenbonnie@example.org,1988-02-23
89F06B3fA6caF36,Gloria,Allison,Female,dtorres@example.net,1948-06-26
5BAA7F0Bf70A588,Kristi,Orr,Female,ashley82@example.org,1948-04-21
Ed6dcecd37Fc4d0,Bethany,Olson,Female,rose29@example.net,1977-08-23
3f66552DA64B9AC,Holly,Cisneros,Female,brandyward@example.com,1919-04-09
F2D75c64c1dBC4e,Stuart,Tapia,Male,destinydean@example.com,1941-12-18
f45723A3eab55fb,Kaylee,Meyers,Female,cameron76@example.com,1918-07-30
f4c82B1EDBe3a19,Ricardo,Washington,Male,wlester@example.com,1973-07-12
e4BC290cda6E2b4,Roberto,Frey,Female,stoneherbert@example.com,1977-06-09
Ecd8EF1bE3A5F3B,Doris,Coleman,Female,gilbert18@example.org,1951-06-21
D4eEb4d79D28F5D,Nancy,Reese,Female,tonya44@example.net,1957-08-17
Bba2ac9fC7CdfC4,Juan,Pratt,Female,michael11@example.org,1973-06-07
F5D5aDBEBCFd47D,Marvin,Li,Female,max62@example.org,1969-09-25
9637A7c8840FbdD,Angela,Novak,Female,briana22@example.org,1929-05-26
a2CffC07D6ee278,Bradley,Miller,Female,kayla45@example.com,1987-08-12
F6DA88Bf5aEAef9,Jaclyn,Duke,Male,dominicavila@example.org,2012-01-09
bB9D1eC2d6CEF3f,Leon,Farrell,Female,rosariojean@example.org,1997-01-23
BE9Bab7Ff9B020D,Katrina,Duncan,Male,charlesgerald@example.org,1977-12-25
D7A4cDC318400a9,Savannah,Marsh,Female,wesleycontreras@example.com,1909-08-01
6dEd664A81d9726,Cristian,Hansen,Female,jcaldwell@example.net,1979-05-27
89D9ED9f397ccdF,Jasmine,Mcdaniel,Female,rita98@example.net,1928-08-05
10378DebBF35f3b,Wendy,Ware,Female,tamisalazar@example.net,1955-11-01
8ABEFBfec676eAE,Leroy,Ramsey,Male,aaronhatfield@example.net,1990-06-28
aF7fB3051A6f821,Natalie,Owens,Male,suzannebradshaw@example.net,1912-11-07
54B827E53Aaad1B,Craig,Olson,Female,bmoreno@example.org,1936-06-21
eE49Ce572F490dB,Patrick,Wallace,Male,mitchelljenna@example.com,1971-08-18
0c6D5FE391DDDfF,Ivan,Newton,Male,charlesalexis@example.org,1939-07-04
cC7cc25dDF9Bc7c,Cody,Stafford,Female,cfitzgerald@example.net,1907-03-18
B7Bfd6CCb6e3550,Sonia,Hendricks,Female,judywagner@example.org,2006-04-03
B2fF6d256E04A02,Bill,Glass,Female,gabrielgriffith@example.net,1960-11-04
bEB9A8E7cd5fe09,Rebecca,Nolan,Female,rmclaughlin@example.com,2015-06-26
9ED6A10458B20F4,Daniel,Braun,Female,pedrocordova@example.org,1978-03-17
Ad4fadaAcC5DA35,April,Mcdaniel,Female,coopercarly@example.org,1990-04-24
65c20c729B2dcF8,Curtis,Saunders,Male,daisy37@example.org,1997-09-12
5E6Db13AF3bddfD,Haley,Pineda,Male,roberta60@example.com,1927-08-02
CF55FFa5ff58adC,Brad,Lynch,Male,warrensalazar@example.org,1971-12-01
aEf0fE6aF07daCF,Ashlee,Snow,Male,frose@example.com,1977-09-18
4835cD2367aaa0c,Malik,Tate,Male,pedro07@example.org,1910-07-08
C3c29A0dEb9Cfdd,Cristina,Berry,Female,cspencer@example.org,2020-04-28
9Eb756Bd5F867Ee,Malik,Bruce,Female,gortega@example.com,1925-07-26
d0a4Fd80e3e6cc7,Tonya,Barrett,Male,cameronsandoval@example.net,1929-11-22
9ef55AFab0FB5d1,Gabrielle,Knox,Female,chaneyshaun@example.com,1997-11-26
Dbc452Be6ba20d0,Darlene,Sheppard,Male,hannahclark@example.net,1993-03-14
D1F81074fB19eF6,Dominique,Mendez,Female,nbullock@example.org,2001-11-09
013C5edC3dc4dF8,Ronnie,David,Female,cskinner@example.com,1974-11-12
510DAC1BE6C39ef,Gabriella,Pena,Male,erikahansen@example.org,1971-12-30
85bfcA8E16fAFde,Cindy,Washington,Female,pettylevi@example.org,1953-05-05
15fDd48A41eCcd0,Cristina,Arroyo,Female,patrickgriffin@example.org,1908-09-14
EABBd81DFeeD7ab,Tracie,Trevino,Female,dominicochoa@example.com,1954-07-15
830EfF83609B48C,Alyssa,Robles,Female,mendezbrenda@example.com,1924-01-10
8BAf5f1Cfc14dBa,Marco,Shannon,Male,ltate@example.com,2008-11-02
1ECBd9199A91b6e,Megan,Chavez,Male,manuel74@example.net,1998-09-06
9DDa9FF9FdBfC66,Francisco,Fox,Female,iflynn@example.org,1909-01-06
b83e0c3c1B1dE27,Martha,Lin,Female,caitlynjoseph@example.net,1927-09-08
c2f4DfEeE02d1Fa,Sarah,Bautista,Female,lindseyallen@example.org,1934-12-25
aC06DadA725b3Fd,Katie,George,Female,sharon37@example.org,1950-07-10
7c0f808CE9EEfE7,Sylvia,Boyer,Male,andreadouglas@example.org,1953-01-27
3b44E9b5915745f,Whitney,Andrews,Female,xstein@example.net,1966-01-11
31FFcD6eB48E856,Michaela,Calhoun,Female,alejandrodiaz@example.net,2004-12-27
2caCaBe9CbdFFC8,Steven,Mata,Male,dlawson@example.com,1986-07-19
7Bad31BD10CE08C,Cheryl,May,Female,lesliebuck@example.org,1982-10-19
89D52456EC4eECE,Yolanda,Wagner,Male,curtis23@example.org,1931-08-18
a1Bec1eAd03bCAf,Christina,Walters,Female,gamblebeth@example.org,1917-02-11
2c1aBF56c97b969,Dustin,Dyer,Female,dianasloan@example.com,1943-01-11
ca7B27cbefCEBb0,Angel,Knox,Female,calhounearl@example.com,1985-08-26
C150Dc3E15e3b0A,Jill,Jenkins,Female,xfoster@example.org,1975-09-18
aa1A1Ecb1E1661B,Gail,Skinner,Male,gregjenkins@example.com,1944-05-11
3dCeDeb6a09408B,Suzanne,Hernandez,Female,conraddave@example.com,2021-08-21
fa1c3AABF9d6d5E,Joanne,Silva,Female,dukestefanie@example.com,1915-09-04
5Bf923A1cB6ACF3,Cole,Hancock,Male,terryedwards@example.com,1932-12-11
FCc1A64eF8C879e,Joshua,Phillips,Male,uhampton@example.com,2017-04-23
bF5721BbCd579Df,Suzanne,Hendrix,Female,lutztimothy@example.com,1935-01-18
3faedEDe9A8686a,Tyler,Morse,Female,andrewgordon@example.net,1942-02-25
AcfA331E0c712AB,Debra,Shields,Male,ashleyerickson@example.com,1996-12-31
fa611Ed5ccC99C8,Marie,Dominguez,Male,pshea@example.org,2010-09-18
30c4DEcbA34EA6f,Charles,Griffith,Male,jennyjuarez@example.org,2012-06-17
9224fea6EB73BF1,Shari,Glenn,Female,chapmanchristie@example.org,1927-07-28
467Fc9EA1Aae0AD,Stephen,Callahan,Male,tony86@example.com,1917-03-07
2BAe5D357b1213b,Geoffrey,Booth,Male,rick35@example.org,1921-02-01
4DfdDfafc4Da95e,Noah,Owen,Female,omyers@example.org,1978-03-07
2e1ac4F7600ceA5,Mariah,Finley,Male,sergiobishop@example.org,1927-11-20
b12d138244da69c,Angelica,Frazier,Female,ycervantes@example.net,1930-01-02
C1d1F3BEd92F0Dd,Angel,Davidson,Female,qrosario@example.net,1994-08-17
3eE4Dc4C8FAb1F5,Evelyn,Holloway,Male,rortega@example.net,2011-07-10
3b5A0bFC0bcAaCa,Luis,Neal,Male,barnesdevon@example.net,1971-01-18
0efa54b5ea1D2EE,Karla,Obrien,Male,jenna05@example.net,2015-05-25
0dFeA94c36A0085,Glenn,Schaefer,Female,comptonjavier@example.org,1971-08-27
4C04e80C477F6fc,Julian,Andrade,Male,stephanie90@example.org,2000-05-24
dD648d068e6BA2A,Willie,Mccall,Female,edrake@example.net,1967-08-06
cdBFEEF00Ac3b0E,Danielle,Sims,Male,shawnahurley@example.com,1993-12-07
2bDbaCfeA5dD24b,Sally,Carrillo,Female,reginaldarias@example.com,2004-01-13
0bec75Ebba75267,Johnny,Elliott,Male,isabelpoole@example.org,2009-01-09
D7B72E2A09D9a3e,Janet,Mckinney,Female,tonyahart@example.org,1972-12-20
c39CA02fba16018,Brendan,Ellison,Female,garretttravis@example.org,1994-01-21
1E5bd39FEa189Ca,Ana,Rivas,Female,tinalynn@example.net,1961-07-20
a3BeA53B74FAb3b,Emma,Lawson,Male,mathewbrowning@example.net,2018-10-05
614f7BFDFD0eb8a,Heather,Holder,Male,gregorygamble@example.com,1928-06-20
22e31df46F6fCD2,Daryl,Knox,Male,darren75@example.org,2011-01-27
aa4b6Ffcd5EA4a8,Johnny,Clarke,Female,sophia77@example.com,1938-09-20
6EE9F6c4e7E2baF,Laurie,Blanchard,Male,mosleyshannon@example.org,1984-01-08
E76E7b0AccbaFfc,Malik,Stanley,Male,cannonluke@example.net,1983-04-11
41eDA1F2F3aC6eD,Mikayla,Chaney,Male,hcarpenter@example.com,1953-06-30
Eb26cfD1F836dBb,Tasha,Ramos,Male,owilson@example.com,1967-04-28
eA75Ff58254E608,Travis,Krause,Female,beverlyvelasquez@example.org,1911-03-18
15AeaeA0add0f2a,Kathy,Yoder,Female,mia15@example.org,1945-09-11
f3cCaCEbcD7ECae,Charles,Hubbard,Male,fkemp@example.net,1985-11-14
cFf7Cb8E9d87b29,Beth,Moyer,Female,sonia19@example.org,1996-03-26
e7C83084cdE54Ce,Joan,Kelly,Female,kelsey66@example.net,1929-08-30
5De2AdFAd2562e2,Don,Pacheco,Female,alvinestes@example.com,1979-04-05
32Aa87B007D3a0c,Madeline,Sellers,Female,darryl11@example.org,1990-05-16
c5e7d7f5b6b60D3,Candice,Barber,Male,angela51@example.net,1968-11-19
BeF4EDcC9cb475F,Angel,Marquez,Female,qhowell@example.net,1949-02-14
401D08bA1E0f8bE,Breanna,Mccullough,Female,cschultz@example.org,1936-01-19
bdb61a25De7a257,Cassandra,Adkins,Female,alfred15@example.org,1953-01-21
584e53eea9f8111,Sherry,Holloway,Male,mclark@example.net,1913-11-18
6ae7dbDbeF0d829,Caitlyn,Hubbard,Female,brian39@example.net,1950-08-17
dd2Ca5BbccCFEC5,Noah,Lloyd,Male,nvaughn@example.com,1931-07-20
38128d28998a9b8,Vernon,Daugherty,Male,sergio60@example.com,1929-11-18
f717C76C8B424FA,Jean,Conway,Male,emmaalvarado@example.com,1972-02-23
Abb1C0C64234175,Phyllis,Ray,Female,bhowell@example.net,1950-03-23
CFd08cE1deAC2C1,Wesley,Berger,Female,robin88@example.com,1980-08-08
5cAC295A6a4ACB0,Damon,Petersen,Male,tabitha49@example.com,1931-01-09
F1Ba9b3cA24bea5,Tyrone,Ponce,Male,vincentmosley@example.net,1973-09-28
18fa6d7EE8ef71f,Victor,Ayers,Male,hkrueger@example.com,2019-08-30
220243491cdFd7A,Dennis,Hampton,Female,dorothy10@example.com,1964-01-04
66ce83ECBC9E077,Darius,Kerr,Male,leonardsheena@example.com,1945-12-09
A40e0a3df2cF0E7,Duane,English,Female,noah95@example.net,1958-05-30
Fa4D7Cece0D9Aa0,Jon,Kaufman,Female,mathew63@example.org,2012-01-03
B8b858f588605dF,Roger,Hernandez,Female,kellie94@example.com,1977-08-13
323ae5fE1Cc2fdB,James,Atkins,Female,lmckenzie@example.org,1957-07-15
af0D77BeEF7A6c8,Damon,Colon,Male,alexisvasquez@example.com,1995-09-27
7b5CfB8DdF8c5c5,Dorothy,Harvey,Female,kent52@example.org,2017-09-07
eB90cc8dCA28Ee3,Derrick,Stanton,Female,beasleybenjamin@example.org,2005-01-23
bA8b297CbcAcdB6,Susan,Clark,Female,fgallagher@example.com,1914-04-22
9871eF832fab828,Lonnie,Reynolds,Male,richmondgarrett@example.org,1961-07-27
ceeDdd8a6A9684d,Joshua,Walker,Female,uperry@example.com,1937-06-20
00ED5d507b542D1,Gavin,Banks,Female,dalton42@example.com,1930-01-19
1Dba7B14a3E44EE,Omar,Kent,Male,adam69@example.com,1953-08-03
CBfaec1d322EBEe,Lydia,Obrien,Male,wlove@example.net,1925-09-18
E6e70ad4a3d0A2c,Brittney,Trevino,Female,melendezcharlene@example.org,1974-08-22
54cC44b9D7fEDCF,Greg,Chapman,Female,nfisher@example.com,2006-02-26
0142106d1f4CcEF,Eugene,Love,Female,qbranch@example.com,1956-05-13
E54d5DDEeE6569E,Beverly,Ball,Male,charlenehuerta@example.com,1995-07-01
fedF4c7Fd9e7cFa,Kurt,Bryant,Female,lyonsdaisy@example.net,1959-01-05
ECddaFEDdEc4FAB,Donna,Barry,Female,dariusbryan@example.com,2001-10-06
2adde51d8B8979E,Cathy,Mckinney,Female,georgechan@example.org,1918-05-13
Fb2FE369D1E171A,Jermaine,Phelps,Male,wanda04@example.net,1971-08-31
8b756f6231DDC6e,Lee,Tran,Female,deannablack@example.org,1947-01-24
